smiles,chemprop_0,chemprop_1,chemprop_2,chemprop_3,chemprop_4,chemprop_5,chemprop_6,chemprop_7,chemprop_8,chemprop_9,chemprop_10,chemprop_11,chemprop_12,chemprop_13,chemprop_14,chemprop_15,chemprop_16,chemprop_17,chemprop_18,chemprop_19,chemprop_20,chemprop_21,chemprop_22,chemprop_23,chemprop_24,chemprop_25,chemprop_26,chemprop_27,chemprop_28,chemprop_29,chemprop_30,chemprop_31,chemprop_32,chemprop_33,chemprop_34,chemprop_35,chemprop_36,chemprop_37,chemprop_38,chemprop_39,chemprop_40,chemprop_41,chemprop_42,chemprop_43,chemprop_44,chemprop_45,chemprop_46,chemprop_47,chemprop_48,chemprop_49
C1CC(=O)OC1,0.0,0.0,2.0454678535461426,0.3643546402454376,0.0,4.0966267585754395,0.0,0.8438817262649536,1.291213035583496,1.2855002880096436,1.095810055732727,1.5929510593414307,0.0,2.015767812728882,1.309475302696228,0.0,1.8231302499771118,0.0,1.6555238962173462,1.0977576971054077,2.1163063049316406,0.8256756663322449,3.400367259979248,1.390997290611267,0.8738929033279419,1.3527354001998901,0.7261422872543335,0.0,0.0,0.14045165479183197,0.0,0.315497487783432,1.3460348844528198,0.0,0.0,0.8951372504234314,0.0,0.6787629723548889,0.0,0.0,2.225067615509033,0.0,1.3924669027328491,0.0,3.090355157852173,0.0,1.8006033897399902,0.0,1.4062888622283936,1.1117980480194092
CS(=O)C,0.1509496420621872,3.1794064044952393,0.9589449167251587,0.5710082650184631,0.9675920605659485,4.025848865509033,0.0,1.074416160583496,1.6330474615097046,0.0,3.1462488174438477,1.7682640552520752,0.0,0.6810920238494873,0.0,0.0,2.7178308963775635,0.0,0.02687861956655979,0.004730605985969305,0.4112483561038971,0.0,2.8675856590270996,0.42751407623291016,0.584702730178833,0.9530220627784729,0.0,1.6504290103912354,0.2821095585823059,0.0,0.0,0.8584275841712952,1.3293695449829102,0.0,0.2413216382265091,0.6148983836174011,0.0,0.48918503522872925,0.14191590249538422,0.0,1.753098487854004,0.26765769720077515,0.3998108506202698,0.0,3.0931196212768555,0.0,3.3045670986175537,0.0,1.9851102828979492,0.0
C(=O)O,0.0,2.2625420093536377,0.0,2.0756356716156006,0.9367976188659668,3.745771646499634,0.0,0.7278319597244263,0.3469967246055603,1.1434314250946045,3.4928295612335205,0.879449725151062,0.0,0.5285850167274475,0.0,0.0,5.2355451583862305,0.0,1.5939366817474365,0.0,0.3291058838367462,1.7813594341278076,1.2465782165527344,0.0,0.6244769096374512,0.25997886061668396,0.0,2.3635339736938477,1.9097331762313843,0.0,0.0,0.8941636085510254,2.383798837661743,0.0,2.085902214050293,2.137455463409424,0.0,0.21919772028923035,0.0,0.0,0.9620618224143982,0.681909441947937,3.0438570976257324,0.0,2.7996251583099365,0.0,3.0524747371673584,0.0,1.538730502128601,1.741735577583313
I[Pb]I,1.0096415281295776,0.8549171090126038,1.2779138088226318,0.7739213109016418,0.0,6.792078971862793,0.0,1.280853509902954,0.7933540940284729,0.0,2.9860007762908936,2.1026105880737305,0.0,1.5246154069900513,0.0,0.0,3.0125200748443604,0.0,0.13584290444850922,0.0,1.4650739431381226,2.147651433944702,3.420422077178955,0.9696238040924072,0.1669849008321762,2.7191929817199707,0.0,2.0380821228027344,0.05771366506814957,0.0,0.0,0.2916370928287506,3.440587043762207,0.0,0.8366203904151917,1.5704143047332764,0.0,0.49581411480903625,0.0,0.0,2.6369683742523193,4.200501441955566,2.4430201053619385,0.0,2.959674119949341,0.0,2.7923026084899902,0.0,1.585249662399292,0.0
CC[NH3+].[I-],0.0,0.28275465965270996,0.4162195324897766,0.16586552560329437,0.0,2.7178051471710205,0.0,1.8021491765975952,0.4640335142612457,0.0,1.3663619756698608,1.292080044746399,0.0,1.0188231468200684,0.0,0.0,2.03804874420166,0.0,0.5638816356658936,0.5008960962295532,0.6438394784927368,0.13201743364334106,1.0419752597808838,0.35331934690475464,0.5068622827529907,0.7585963010787964,0.0,1.1862924098968506,0.0,1.4005560874938965,0.0,0.40463611483573914,1.3334667682647705,0.0,0.0,0.48363327980041504,0.0,0.6658791303634644,0.4196731746196747,0.0,1.43450927734375,1.472388505935669,0.32201826572418213,0.0,1.9436856508255005,0.0,1.880023717880249,0.0,1.183577299118042,0.0
C[NH3+].[I-],0.0,0.0,0.41903960704803467,0.0,0.0,2.7265286445617676,0.0,1.634001612663269,0.0,0.0,1.0022367238998413,1.4327433109283447,0.0,0.806743323802948,0.0,0.0,1.5399558544158936,0.0,0.24746328592300415,0.2671152651309967,0.2818683385848999,0.14021232724189758,0.51896733045578,0.8807893991470337,0.579294741153717,1.0725489854812622,0.07781913876533508,0.5421649217605591,0.0,1.313913345336914,0.0,0.682761013507843,1.3109428882598877,0.0,0.0,0.4602911174297333,0.0,0.7801207304000854,0.5686706304550171,0.0,1.3554306030273438,1.71013343334198,0.46264418959617615,0.0,1.4412307739257812,0.0,1.7332696914672852,0.0,0.6971648335456848,0.01118529587984085
C1=CC=C(C=C1)CC[NH3+].[I-],0.0,0.0,0.9152498841285706,0.0,0.0,3.251220464706421,2.369978427886963,3.186488151550293,0.0,0.6127412915229797,1.2838584184646606,0.3384115695953369,0.0,0.0,1.5378869771957397,0.0,2.3569176197052,0.0,0.6867304444313049,0.6899295449256897,0.0,0.0,0.0,3.3733856678009033,1.2629517316818237,1.1791402101516724,1.0997241735458374,0.0,0.0,1.7253283262252808,0.0,1.3475186824798584,2.433217763900757,0.0,0.0,1.193099021911621,0.0,4.803173542022705,2.716963529586792,0.0,1.8364776372909546,0.0,1.7965878248214722,0.0,0.9772686958312988,0.34556424617767334,0.0,0.0,0.0,1.5924466848373413
CC(=[NH2+])N.[I-],0.0,0.07951603829860687,1.1551060676574707,0.7020895481109619,0.0,1.2974379062652588,0.0,0.8551278710365295,0.43119335174560547,0.4662589728832245,1.5744123458862305,0.08132851868867874,0.0,3.3413283824920654,0.4094257652759552,4.453813552856445,4.271647930145264,0.0,2.413883924484253,2.5415477752685547,2.694430351257324,1.6740666627883911,1.0067942142486572,0.0,2.0816142559051514,0.010051362216472626,0.8298506736755371,2.6286323070526123,0.9174175262451172,0.7328812479972839,0.0,0.0,1.5741349458694458,0.0,2.610802412033081,1.6962740421295166,0.0,1.2604954242706299,0.0,0.0,1.6748806238174438,2.8700783252716064,3.0636444091796875,0.0,2.815460681915283,0.0,1.4444565773010254,0.0,0.5909838080406189,1.3905736207962036
CCCC[NH3+].[I-],0.7522705793380737,1.9578559398651123,0.33603185415267944,1.4037727117538452,0.8667276501655579,2.762610912322998,0.0,2.079063892364502,1.4486459493637085,0.0,1.8505369424819946,1.0564792156219482,0.0,1.007692813873291,0.0,0.0,2.6161446571350098,0.0,1.1297402381896973,0.5836363434791565,0.9748280048370361,0.41300442814826965,2.117682933807373,0.1528170108795166,0.6374205946922302,0.70381098985672,0.0,1.6955909729003906,0.24509893357753754,1.8718492984771729,0.0,0.6998034715652466,1.0344252586364746,0.0,0.44701528549194336,0.06650866568088531,0.0,0.03724696487188339,0.33461517095565796,0.0,1.883476734161377,0.9842906594276428,0.0,0.0,2.773609161376953,0.0,1.977085828781128,0.0,2.4158151149749756,0.0
C(=[NH2+])(N)N.[I-],1.5191360712051392,0.0,2.0977461338043213,0.6662179827690125,0.0,0.0,0.0,1.389183521270752,0.6079443693161011,2.91930890083313,1.7687596082687378,0.3767485022544861,0.0,4.624234676361084,1.4320762157440186,7.714350700378418,6.119513988494873,0.0,4.574054718017578,2.062519073486328,4.137144088745117,5.28148078918457,0.8191561102867126,0.0,3.007697343826294,0.0,2.3025853633880615,3.294950008392334,6.587368965148926,0.8643301129341125,0.0,0.0,0.7592884302139282,0.0,3.2919750213623047,3.1528267860412598,0.0,1.094629168510437,0.0,0.0,2.5349652767181396,6.380488872528076,4.17366361618042,0.0,2.7734463214874268,0.0,0.7821701169013977,0.0,0.742867648601532,3.0631468296051025
C(Cl)Cl,1.1606009006500244,0.8715824484825134,0.9926589131355286,0.7837374210357666,0.0,4.2089738845825195,0.0,1.6005209684371948,1.1480365991592407,0.0,2.3461623191833496,0.9611601829528809,0.0,0.5091521739959717,0.5654188394546509,0.0,2.451812505722046,0.0,0.19232618808746338,0.2938562333583832,1.2542481422424316,0.7729927897453308,2.634711265563965,0.7987909317016602,0.0,1.3494887351989746,0.0,1.5165705680847168,0.0,0.0,0.0,0.3275623023509979,2.156183958053589,0.0,0.049199365079402924,1.166524887084961,0.0,0.3122198283672333,0.19797998666763306,0.0,1.9808266162872314,1.379479169845581,0.7046992182731628,0.0,1.8543121814727783,0.0,1.2252521514892578,0.0,0.8706009984016418,0.0
C[NH2+]C.[I-],0.0,0.4427425265312195,0.3472152650356293,0.0,0.0,2.651380777359009,0.0,2.2152278423309326,0.5553216934204102,0.0,1.3716684579849243,1.6788992881774902,0.0,1.2720519304275513,0.0,0.0,1.83657705783844,0.0,0.35601747035980225,0.2661578059196472,1.2189416885375977,0.31343820691108704,1.279078483581543,0.38346222043037415,0.5154861807823181,0.9874252080917358,0.0,1.3967688083648682,0.0,1.597440481185913,0.0,0.7564573287963867,1.4135397672653198,0.0,0.0,0.6512452363967896,0.0,0.5519024729728699,0.4354751706123352,0.0,1.687770962715149,1.4373987913131714,0.12103406339883804,0.0,1.8548448085784912,0.0,2.399308443069458,0.0,1.0550719499588013,0.0
C1=CC=C(C=C1)[NH3+].[I-],0.0,0.0,0.9479856491088867,0.0,0.0,3.3684158325195312,3.8569297790527344,3.553253173828125,0.0,0.6468139290809631,1.349442481994629,0.13407036662101746,0.0,0.0,1.2925448417663574,0.0,2.137681007385254,0.0,0.6711577773094177,0.6324657201766968,0.0,0.0,0.0,3.983365535736084,1.4884840250015259,1.08814537525177,1.2929136753082275,0.0,0.0,1.2836920022964478,0.0,1.4514790773391724,2.9612512588500977,0.0,0.0,1.4425727128982544,0.0,6.332275390625,3.6645288467407227,0.0,1.7769899368286133,0.0,2.200263261795044,0.0,0.2463647574186325,0.9900357723236084,0.0,0.0,0.0,2.3190393447875977
CC(C)(C)[NH3+].[I-],0.22828051447868347,1.261483907699585,1.1751691102981567,0.6902826428413391,0.15173186361789703,3.0980868339538574,0.0,1.7108818292617798,0.8712074756622314,0.0,1.70075261592865,1.3674416542053223,0.0,1.0377120971679688,0.0,0.0,2.3009700775146484,0.0,0.6776255369186401,0.7236362099647522,0.46177375316619873,0.28036630153656006,1.7361218929290771,0.35194745659828186,1.6611006259918213,0.4442739486694336,0.15470077097415924,1.4632518291473389,0.0,1.51848304271698,0.0,0.48339584469795227,1.203445315361023,0.0,0.09867923706769943,0.0,0.0,0.44294601678848267,0.12729662656784058,0.0,1.4164555072784424,1.4320241212844849,0.18670706450939178,0.0,2.783604860305786,0.0,1.8521978855133057,0.0,2.341897964477539,0.0
[I-].[NH3+]CCC,0.0,1.2653357982635498,0.41006335616111755,0.8501741290092468,0.0,2.6977877616882324,0.0,1.9493743181228638,1.0187087059020996,0.0,1.8341622352600098,1.3362376689910889,0.0,1.0700238943099976,0.0,0.0,2.3553261756896973,0.0,0.8526120781898499,0.3458074629306793,0.9421970844268799,0.3197740614414215,1.6987817287445068,0.18249589204788208,0.6245691180229187,0.665289580821991,0.0,1.5346691608428955,0.0,1.498473048210144,0.0,0.7157944440841675,1.084096908569336,0.0,0.04562278836965561,0.3559224009513855,0.0,0.3827330768108368,0.3471086025238037,0.0,1.6858843564987183,1.2399868965148926,0.0,0.0,2.2984373569488525,0.0,2.089893102645874,0.0,1.797564148902893,0.0
C(=N)[NH3+].[I-],0.0,0.7300600409507751,0.0,2.306756019592285,0.0,2.908904790878296,0.0,0.6467102766036987,0.12447524070739746,0.2905173897743225,2.4199092388153076,1.5848102569580078,0.0,1.3135006427764893,0.0,0.0,4.7135725021362305,0.0,1.8117566108703613,0.0,1.4676969051361084,2.540893316268921,1.0063949823379517,0.0,1.9272457361221313,1.0384732484817505,0.41901323199272156,2.087502956390381,1.6062997579574585,0.7976729273796082,0.0,0.6876621246337891,2.786904811859131,0.0,2.382875680923462,1.9681134223937988,0.0,0.9847409725189209,0.0,0.0,0.9623557925224304,2.299997091293335,3.322033643722534,0.0,3.171241283416748,0.0,2.4383456707000732,0.0,0.9079561829566956,1.4563120603561401
C1C[NH+]2CC[NH+]1CC2.[I-].[I-],0.0,0.0,1.2266277074813843,1.8261058330535889,0.0,3.3719189167022705,0.0,2.867587089538574,0.0,1.9747512340545654,1.111383080482483,2.652839422225952,0.0,3.1010196208953857,3.1876885890960693,0.0,1.6863505840301514,0.0,1.6883436441421509,0.42962646484375,2.5346169471740723,1.5644629001617432,2.386331796646118,2.4947996139526367,2.0618722438812256,1.3184410333633423,2.5577661991119385,0.0,0.0,1.718998670578003,0.0,0.9732930660247803,2.1049811840057373,0.0,0.0,1.4698796272277832,0.0,1.4122496843338013,0.0,0.0,2.4255495071411133,1.3596878051757812,2.979552745819092,0.0,2.77691388130188,0.0,0.9678420424461365,0.0,0.0,2.0956523418426514
C1(=CC=C(C=C1)F)C[NH3+].[I-],0.0,0.0,1.1337662935256958,0.0,0.0,3.569929599761963,2.609910011291504,2.93491792678833,0.0,0.7130499482154846,1.1407626867294312,0.15174105763435364,0.0,0.0,1.3735069036483765,0.0,2.7153735160827637,0.0,0.3640131950378418,0.7950717806816101,0.0,0.0,0.0,3.613131284713745,0.8721278309822083,0.9084554314613342,0.9648348689079285,0.0,0.0,1.1300498247146606,0.0,1.4585543870925903,2.1965222358703613,0.0,0.0,1.4593734741210938,0.0,5.133740425109863,2.657660961151123,0.0,1.8936811685562134,0.0,1.8963419198989868,0.0,0.3708037734031677,0.6042493581771851,0.0,0.0,0.0,1.8752816915512085
C1(=CC=C(C=C1)F)CC[NH3+].[I-],0.0,0.0,1.0969899892807007,0.0,0.0,3.382108211517334,2.0834925174713135,2.8525612354278564,0.0,0.6435731649398804,1.1384069919586182,0.2795015573501587,0.0,0.0,1.4024372100830078,0.0,2.7042651176452637,0.0,0.4318285882472992,0.7777130007743835,0.0,0.0,0.0,3.2616846561431885,0.877359926700592,0.921843409538269,0.927479088306427,0.0,0.0,1.432131290435791,0.0,1.3910341262817383,1.9961665868759155,0.0,0.0,1.3770502805709839,0.025810007005929947,4.4251227378845215,2.34259295463562,0.0,1.9378679990768433,0.0,1.6746174097061157,0.0,0.7759277820587158,0.35178783535957336,0.0,0.0,0.0,1.5967049598693848
C1(=CC=C(C=C1)F)[NH3+].[I-],0.0,0.0,1.1646387577056885,0.0,0.0,3.5315093994140625,3.407398223876953,3.1197168827056885,0.0,0.6938011050224304,1.1512022018432617,0.07819348573684692,0.0,0.0,1.1791677474975586,0.0,2.5969858169555664,0.0,0.34358659386634827,0.7344602942466736,0.0,0.0,0.0,3.7640461921691895,1.0057380199432373,0.7934377789497375,1.0432538986206055,0.0,0.0,0.9843034148216248,0.0,1.4891374111175537,2.386049509048462,0.0,0.0,1.6492605209350586,0.05405345559120178,5.688965797424316,3.1544759273529053,0.0,1.9000149965286255,0.0,1.9744476079940796,0.0,0.09825950115919113,0.9601230621337891,0.0,0.0,0.0,2.2491891384124756
C1(=CC=C(C=C1)OC)[NH3+].[I-],0.0,0.0,0.8429368138313293,0.0,0.0,3.6747946739196777,3.0535290241241455,2.8009746074676514,0.0,0.9580767750740051,0.9554173350334167,0.3049011826515198,0.0,0.0,0.0,0.0,2.681574821472168,0.0,0.9509351253509521,0.24124659597873688,0.0,0.0,0.0,3.1949622631073,1.143210530281067,0.9675959348678589,1.0175073146820068,0.0,0.0,1.487924337387085,0.0,2.2504193782806396,1.9080299139022827,0.0,0.0,0.8525680303573608,0.0,5.556651592254639,3.3347620964050293,0.0,1.971285104751587,0.45633479952812195,1.6464365720748901,0.0,0.7969313263893127,0.3288908898830414,0.0,0.0,0.0,1.859897255897522
C1(=CC=C(C=C1)C(F)(F)F)C[NH3+].[I-],0.0,0.0,1.4424538612365723,0.0,0.0,3.9244182109832764,1.579703688621521,2.648210287094116,0.0,0.6869043707847595,0.984248697757721,0.21867072582244873,0.0,0.0,1.1455217599868774,0.0,3.2523200511932373,0.0,0.07933245599269867,0.9207952618598938,0.0,0.0,0.0,2.8834550380706787,0.21151025593280792,0.8062520027160645,0.523915708065033,0.0,0.0,0.9622119665145874,0.0,1.26725435256958,1.7298784255981445,0.0,0.0,1.7633849382400513,0.0,3.7102136611938477,1.9652734994888306,0.0,2.1519956588745117,0.5398262739181519,1.6015573740005493,0.0,0.6966810822486877,0.32046642899513245,0.0,0.0,0.09398432075977325,1.535962462425232
C1(=CC=C(C=C1)C(F)(F)F)[NH3+].[I-],0.0,0.0,1.5112929344177246,0.0,0.0,3.894235610961914,2.1528356075286865,2.819312810897827,0.0,0.6555108428001404,0.945682942867279,0.11253992468118668,0.0,0.0,0.998525083065033,0.0,3.2243478298187256,0.0,0.033394765108823776,0.9096863865852356,0.0,0.0,0.0,2.881326198577881,0.25168949365615845,0.6609870195388794,0.5116613507270813,0.0,0.0,0.8610920906066895,0.0,1.188714623451233,1.8245636224746704,0.0,0.0,1.9287347793579102,0.04724119231104851,4.001028537750244,2.276729106903076,0.0,2.231329917907715,0.6499221324920654,1.5975346565246582,0.0,0.5092418789863586,0.6352471709251404,0.0,0.0,0.0,1.8316482305526733
C1=CC=C(C=C1)Cl,0.0,0.0,1.1483770608901978,0.0,0.0,3.9815943241119385,4.086155891418457,3.8136613368988037,0.0,0.8960186839103699,1.6598049402236938,0.07274946570396423,0.0,0.0,2.0233547687530518,0.0,2.085237979888916,0.0,0.10727701336145401,0.6701601147651672,0.0,0.0,0.0,4.950769424438477,0.9836322665214539,1.3547859191894531,1.0100802183151245,0.0,0.0,0.6530608534812927,0.0,1.5029548406600952,3.679537296295166,0.0,0.0,1.6685426235198975,0.0,7.117504596710205,4.080441951751709,0.0,1.7290518283843994,0.0,2.5988407135009766,0.0,0.13528579473495483,1.0649341344833374,0.0,0.0,0.0,2.0117034912109375
CC(=[NH2+])N.[Br-],0.0,0.5115540623664856,1.2045155763626099,0.8760678768157959,0.0,1.1392866373062134,0.0,0.8737652897834778,0.691127598285675,0.5337908864021301,1.6741598844528198,0.0,0.0,3.302731513977051,0.4254572093486786,4.435919284820557,4.22381591796875,0.0,2.519972085952759,2.5565695762634277,2.9304306507110596,1.5720033645629883,1.1135221719741821,0.0,2.003854274749756,0.0,0.7840870022773743,2.845031976699829,1.1967650651931763,0.46396487951278687,0.0,0.0,1.290531873703003,0.0,2.693967580795288,1.8463572263717651,0.0,1.177425503730774,0.0,0.0,1.5975898504257202,2.5575459003448486,3.0641462802886963,0.0,2.8848488330841064,0.0,1.4331080913543701,0.0,0.4762231707572937,1.414004921913147
C1=CC=C(C=C1)C[NH3+].[Br-],0.0,0.0,0.9734604358673096,0.0,0.0,3.335145950317383,2.993969440460205,3.3344311714172363,0.0,0.7110475301742554,1.3525172472000122,0.13808417320251465,0.0,0.0,1.521474838256836,0.0,2.2799646854400635,0.0,0.701330840587616,0.7052744626998901,0.0,0.0,0.0,3.649916648864746,1.2709972858428955,1.1680024862289429,1.1511739492416382,0.0,0.0,1.2835004329681396,0.0,1.5139843225479126,2.5303330421447754,0.0,0.0,1.356102466583252,0.0,5.584949016571045,3.117906093597412,0.0,1.713555932044983,0.0,2.0467402935028076,0.0,0.5829211473464966,0.4936359226703644,0.0,0.0,0.0,1.9082074165344238
C1=CC=C(C=C1)C[NH3+].[I-],0.0,0.0,0.9460106492042542,0.0,0.0,3.4230077266693115,2.960045099258423,3.3240771293640137,0.0,0.6735297441482544,1.2971020936965942,0.20591235160827637,0.0,0.0,1.5125688314437866,0.0,2.3065378665924072,0.0,0.6423928141593933,0.6969286799430847,0.0,0.0,0.0,3.767524480819702,1.3141975402832031,1.196106195449829,1.176598072052002,0.0,0.0,1.4328984022140503,0.0,1.4284343719482422,2.6878902912139893,0.0,0.0,1.2727231979370117,0.0,5.631098747253418,3.1106810569763184,0.0,1.7564948797225952,0.0,2.046461343765259,0.0,0.5443723201751709,0.6068605184555054,0.0,0.0,0.0,1.8951897621154785
[I-].[NH3+]CCC(O)=O,0.23970550298690796,1.5043466091156006,0.20738855004310608,1.1034724712371826,0.38722866773605347,3.753523826599121,0.0,1.622684359550476,0.40098056197166443,0.0,2.083317756652832,0.6186476945877075,0.0,0.9500110149383545,0.0,0.0,4.223405361175537,0.0,1.5668224096298218,0.8272128105163574,0.44796910881996155,0.9614262580871582,1.9879791736602783,0.003782905638217926,0.7944303750991821,0.745329737663269,0.0,1.748328685760498,0.19216835498809814,0.95830899477005,0.0,0.5461633801460266,1.816277265548706,0.0,1.3744713068008423,0.6655493378639221,0.0,0.1811705082654953,0.2930524945259094,0.0,2.328577995300293,1.5344841480255127,1.200926661491394,0.0,3.1381614208221436,0.0,2.635056972503662,0.0,2.566218137741089,0.4986817240715027
I[Bi](I)I,3.6507201194763184,1.7481582164764404,0.9713024497032166,2.085155725479126,1.340923547744751,6.91323709487915,0.0,1.9805480241775513,1.1960246562957764,0.0,3.655630111694336,1.9538215398788452,0.0,1.5906703472137451,0.9837645888328552,0.0,3.012150287628174,0.0,0.0,0.0,1.577705979347229,3.4351837635040283,4.28939151763916,1.7114768028259277,0.43772950768470764,3.604991912841797,0.0,1.5595102310180664,0.3851225674152374,0.823829710483551,0.0,0.653528094291687,4.122011184692383,0.0,1.5019563436508179,1.1412683725357056,0.8196225166320801,0.46544602513313293,0.4584755301475525,0.0,3.5658063888549805,5.828850746154785,2.53372859954834,0.0,3.3049862384796143,0.0,1.9097516536712646,0.0,2.7008109092712402,0.0
[I-].[Cs+],0.0,0.0,0.0,0.0,0.0,2.061736583709717,0.0,1.863801121711731,0.0,0.0,0.5306262373924255,1.035354733467102,0.0,0.0,0.44507166743278503,0.0,1.0260961055755615,0.0,0.0,0.02465110830962658,0.5352269411087036,0.29632484912872314,0.0,1.6176526546478271,0.5671080350875854,0.8394392132759094,0.0,0.0,0.0,1.2528424263000488,0.0,0.37952572107315063,1.6867018938064575,0.0,0.0,0.16579732298851013,0.6729716062545776,0.47606950998306274,1.1800520420074463,0.0,1.5519835948944092,2.3610968589782715,0.11702055484056473,0.0,0.0,0.0,0.36475634574890137,0.0,0.3890678882598877,0.17593780159950256
CN(C)C=O,0.9993932843208313,3.0037178993225098,0.46971529722213745,2.380345344543457,2.0408191680908203,2.857126474380493,0.0,0.5777698755264282,1.7923094034194946,0.23727069795131683,2.5871241092681885,1.7226940393447876,0.0,1.5291106700897217,0.0,0.0,2.5982327461242676,0.0,0.7015202045440674,0.0,1.1767996549606323,2.5635123252868652,3.1401424407958984,0.17941874265670776,0.8381951451301575,1.7943018674850464,0.35303062200546265,1.7845134735107422,2.7199134826660156,0.0,0.0,2.258873701095581,0.0,0.0,1.166628360748291,1.8336273431777954,0.0,0.0,0.0,0.0,1.994549036026001,1.45587158203125,0.9942294955253601,0.0,2.788348913192749,0.0,2.6263866424560547,0.0,2.3608033657073975,0.5930108428001404
C(C[NH3+])[NH3+].[Br-].[Br-],0.0,1.047478199005127,0.4239756762981415,0.9079267382621765,0.0,2.1438851356506348,0.0,2.136000871658325,0.7576223015785217,0.0,1.5106083154678345,0.8898991346359253,0.0,1.2556729316711426,0.0,0.0,2.049070119857788,0.0,0.7892308831214905,0.7362219095230103,1.8239457607269287,0.3185873329639435,1.358647346496582,0.0,0.39309483766555786,0.4093517065048218,0.0,1.9508543014526367,0.05951283127069473,1.1654261350631714,0.0,0.6695020198822021,0.9184229969978333,0.0,0.4943881034851074,1.1156911849975586,0.0,0.17137041687965393,0.5700985789299011,0.0,1.4889326095581055,1.8685615062713623,0.5499352812767029,0.0,1.8048683404922485,0.0,2.132012128829956,0.0,1.0696181058883667,0.15621796250343323
C(C[NH3+])[NH3+].[I-].[I-],0.0,0.32741570472717285,0.34162637591362,0.6179630160331726,0.0,2.407470941543579,0.0,2.1049394607543945,0.32439854741096497,0.0,1.3443626165390015,1.0933845043182373,0.0,1.3200020790100098,0.0,0.0,2.1287903785705566,0.0,0.6124178171157837,0.7111849784851074,1.4306126832962036,0.48869335651397705,1.1807677745819092,0.10845991969108582,0.5226958990097046,0.49366289377212524,0.0,1.5901880264282227,0.0,1.6136200428009033,0.0,0.4128521978855133,1.39109468460083,0.0,0.35578054189682007,0.8655524849891663,0.0,0.30981987714767456,0.5484219789505005,0.0,1.6177499294281006,2.389448881149292,0.5490984916687012,0.0,1.6892226934432983,0.0,2.1509268283843994,0.0,1.2608858346939087,0.11716557294130325
CC[NH3+].[Br-],0.0,0.8228010535240173,0.4779815971851349,0.3833383619785309,0.0,2.520115852355957,0.0,1.8254449367523193,0.7889511585235596,0.0,1.49104642868042,1.1394660472869873,0.0,0.9705761671066284,0.0,0.0,1.9782583713531494,0.0,0.6964918971061707,0.5196737051010132,0.9388390779495239,0.004437979310750961,1.1753852367401123,0.08870202302932739,0.40966132283210754,0.6953628659248352,0.0,1.4567921161651611,0.0,1.0644108057022095,0.0,0.5971233248710632,0.9789630770683289,0.0,0.0,0.6712372899055481,0.0,0.5620421767234802,0.43593069911003113,0.0,1.3378962278366089,1.0817230939865112,0.32264581322669983,0.0,2.0304200649261475,0.0,1.8658380508422852,0.0,1.0401265621185303,0.0075548067688941956
C(=[NH2+])N.[Br-],0.0,0.01463240385055542,0.6989045739173889,2.457089424133301,0.0,0.686425507068634,0.0,1.673820972442627,0.0,0.6809275150299072,1.744317650794983,0.2580115795135498,0.0,3.366572380065918,0.0,4.867934226989746,4.7307820320129395,0.0,2.7278575897216797,2.2255752086639404,3.855719804763794,2.9421377182006836,0.8147245645523071,0.0,1.630036473274231,0.0,1.1658098697662354,3.4421546459198,3.024890184402466,0.8654173016548157,0.0,0.0,1.0300514698028564,0.0,2.978189468383789,2.885230541229248,0.0,0.045357562601566315,0.0,0.0,1.4955987930297852,3.9202075004577637,3.263204336166382,0.0,1.9494006633758545,0.0,1.7088003158569336,0.0,0.7109901905059814,2.2638888359069824
C(=[NH2+])(N)N.[Br-],1.6515206098556519,0.0,2.14715576171875,0.840196430683136,0.0,0.0,0.0,1.407820463180542,0.8678781986236572,2.9868407249450684,1.8685070276260376,0.2546573877334595,0.0,4.585637092590332,1.4481074810028076,7.696455478668213,6.071681022644043,0.0,4.680141925811768,2.0775411128997803,4.373144149780273,5.179418563842773,0.9258838891983032,0.0,2.929936647415161,0.0,2.256821632385254,3.511350154876709,6.866715908050537,0.5954140424728394,0.0,0.0,0.475685715675354,0.0,3.3751397132873535,3.3029098510742188,0.0,1.0115597248077393,0.0,0.0,2.4576752185821533,6.067956924438477,4.174165725708008,0.0,2.842834949493408,0.0,0.7708218693733215,0.0,0.6281068921089172,3.086578130722046
CC(C)[NH3+].[I-],0.0,1.240370750427246,0.6595227122306824,0.7156901955604553,0.0,2.9109320640563965,0.0,1.681684136390686,0.8803023099899292,0.0,1.7940404415130615,1.4055384397506714,0.0,0.9682303667068481,0.0,0.0,2.1509811878204346,0.0,0.571216881275177,0.4952676296234131,0.6935536861419678,0.30062949657440186,1.6785242557525635,0.38430628180503845,1.1121153831481934,0.632348358631134,0.0,1.451383113861084,0.0,1.3153456449508667,0.0,0.5160842537879944,1.3000171184539795,0.0,0.07832378894090652,0.040158577263355255,0.0,0.4946948289871216,0.1934697926044464,0.0,1.4147230386734009,1.2702691555023193,0.20935466885566711,0.0,2.4015190601348877,0.0,1.9008386135101318,0.0,1.7904720306396484,0.0
C1=CN=C[NH2+]1.[I-],0.0,0.0,1.4858800172805786,0.0,0.0,1.8628618717193604,0.0,2.3305442333221436,0.4312790036201477,1.3894989490509033,2.3237483501434326,2.8789379596710205,0.0,3.874572515487671,2.7209324836730957,0.0,1.9263734817504883,0.0,1.7154792547225952,1.3253051042556763,4.8285651206970215,0.07505597174167633,1.6387579441070557,2.260758638381958,2.1224143505096436,2.5757248401641846,1.0835150480270386,0.31485870480537415,0.0,0.0,0.0,0.0,1.939017415046692,0.0,0.810865044593811,1.0076919794082642,2.380002498626709,2.2077951431274414,0.0,0.0,3.0114033222198486,1.4098460674285889,3.375340461730957,0.0,2.07305908203125,0.0,2.3507797718048096,0.0,0.0,3.0620265007019043
CC(C)C[NH3+].[Br-],0.5094743967056274,2.157400369644165,0.7767794132232666,1.3169658184051514,0.94651198387146,2.866088628768921,0.0,1.8439875841140747,1.3839826583862305,0.0,2.1342921257019043,1.2336294651031494,0.0,0.9555869102478027,0.0,0.0,2.445094108581543,0.0,0.8895328044891357,0.37197789549827576,0.8503729104995728,0.3009224832057953,2.144756555557251,0.07826732099056244,0.9524440169334412,0.6033467650413513,0.0,1.8499791622161865,0.38435104489326477,1.3017898797988892,0.0,0.8239888548851013,0.861692488193512,0.0,0.29500073194503784,0.2756563723087311,0.0,0.32537293434143066,0.28995946049690247,0.0,1.599311113357544,1.198648452758789,0.0,0.0,2.5846617221832275,0.0,1.9218695163726807,0.0,2.185551643371582,0.0
[I-].CC(C)C[NH3+],0.39915406703948975,1.7973694801330566,0.7356046438217163,1.1719835996627808,0.49493327736854553,2.9978814125061035,0.0,1.828456997871399,1.1673706769943237,0.0,2.0511693954467773,1.3353724479675293,0.0,0.9877514243125916,0.0,0.0,2.4849541187286377,0.0,0.8011261224746704,0.3594594895839691,0.653706431388855,0.3859754204750061,2.055816888809204,0.2546790540218353,1.017244577407837,0.6455023884773254,0.0,1.6696460247039795,0.15156151354312897,1.5258866548538208,0.0,0.6956638693809509,1.0980281829833984,0.0,0.22569668292999268,0.15058693289756775,0.0,0.3945976197719574,0.27912142872810364,0.0,1.6637197732925415,1.4590920209884644,0.0,0.0,2.526839256286621,0.0,1.9313266277313232,0.0,2.2811856269836426,0.0
CC(CC[NH3+])C.[I-],1.077006459236145,1.942105770111084,0.6818618178367615,1.584908127784729,1.1082388162612915,3.0116372108459473,0.0,1.9728505611419678,1.507458209991455,0.0,1.9275226593017578,1.1514023542404175,0.0,1.0239094495773315,0.0,0.0,2.7326879501342773,0.0,1.106910228729248,0.7255802750587463,0.7860425710678101,0.5115903615951538,2.2821168899536133,0.26462656259536743,1.04051673412323,0.5941981077194214,0.0,1.7062044143676758,0.36572378873825073,2.036052942276001,0.0,0.6350163221359253,1.0492308139801025,0.0,0.4959591031074524,0.0,0.0,0.0026938393712043762,0.19063985347747803,0.0,1.8513481616973877,1.2229478359222412,0.0,0.0,2.968567132949829,0.0,1.749356985092163,0.0,2.831357002258301,0.0
CC(=O)O[Pb]OC(=O)C.O.O.O,0.0,1.9837820529937744,0.6875540614128113,0.0,0.47743675112724304,4.17407751083374,0.0,0.6320728659629822,0.1514638513326645,0.2634164094924927,1.6400822401046753,0.9011259078979492,0.0,0.10663877427577972,0.0,0.0,3.408026695251465,0.0,0.9960306882858276,0.6729848384857178,0.0,0.13774414360523224,1.167494297027588,0.28129056096076965,0.5774417519569397,1.2445086240768433,0.0,0.7518463134765625,0.2736250162124634,0.30771690607070923,0.0,0.7012768983840942,1.1331506967544556,0.0,0.22240272164344788,0.6232038140296936,0.0,0.6610764265060425,0.6179484128952026,0.0,1.7008137702941895,0.3009243309497833,0.8964799642562866,0.0,3.378145456314087,0.0,2.7366387844085693,0.0,2.320657253265381,0.6475574970245361
Br[Pb]Br,1.4213569164276123,2.1537816524505615,1.3884341716766357,1.2429295778274536,0.626815676689148,5.518049716949463,0.0,0.9473801255226135,1.373445749282837,0.0,2.6706526279449463,1.702138900756836,0.0,1.6596894264221191,0.0,0.0,2.8291049003601074,0.0,0.0760553777217865,0.0,2.1439032554626465,1.9574743509292603,3.369906425476074,0.41842034459114075,0.0,1.9310590028762817,0.0,2.732307195663452,0.935558021068573,0.0,0.0,0.3207947611808777,2.3156967163085938,0.0,1.3032896518707275,2.023982286453247,0.0,0.16094139218330383,0.0,0.0,2.056588888168335,2.861691951751709,1.820076823234558,0.0,2.596179485321045,0.0,2.2252888679504395,0.0,0.9312904477119446,0.0
C[NH3+].[Br-],0.0,0.0,0.5013890266418457,0.0,0.0,2.4629428386688232,0.0,1.665062665939331,0.1509857475757599,0.0,1.1684824228286743,1.2292578220367432,0.0,0.7424142956733704,0.0,0.0,1.4602351188659668,0.0,0.4242766499519348,0.2921519875526428,0.6752016544342041,0.0,0.696847140789032,0.527966320514679,0.4496937394142151,0.9882376194000244,0.0015464983880519867,0.9028312563896179,0.0,0.8657196164131165,0.0,0.9394105672836304,0.8382710814476013,0.0,0.0,0.7104297280311584,0.0,0.6416711807250977,0.5903470516204834,0.0,1.2266134023666382,1.1892461776733398,0.4634808897972107,0.0,1.5568767786026,0.0,1.714355230331421,0.0,0.5058971047401428,0.050237663090229034
C1COCC[NH2+]1.[I-],0.0,0.0,1.3977059125900269,0.6947343349456787,0.0,2.151905059814453,0.0,1.6404621601104736,0.4812917709350586,1.237999439239502,0.6069697737693787,2.4224958419799805,0.0,3.461702346801758,1.4711190462112427,0.0,1.1876397132873535,0.0,1.7759299278259277,0.45426061749458313,3.0357203483581543,1.0852892398834229,2.2916922569274902,1.105703353881836,1.1490323543548584,1.6366000175476074,1.599440097808838,0.0,0.0,1.2526535987854004,0.0,0.0,1.1505241394042969,0.0,0.0,1.5762723684310913,0.21701651811599731,0.6567003726959229,0.0,0.0,2.3575472831726074,0.8967071771621704,1.6916189193725586,0.0,1.9239073991775513,0.0,1.5775907039642334,0.0,0.3229866623878479,1.2739661931991577
CCCCCCCCCCCC[NH3+].[Br-],1.7216113805770874,1.6464908123016357,0.0,1.9211817979812622,1.5502673387527466,3.4700043201446533,0.0,2.4436490535736084,1.5770429372787476,0.0,2.1177732944488525,0.677531361579895,0.0,0.797807514667511,0.4192647933959961,0.0,4.017124652862549,0.0,2.097489595413208,1.2747753858566284,0.0,0.559146523475647,2.817605495452881,0.6428482532501221,0.5570642352104187,0.47759008407592773,0.0,1.1815078258514404,0.4277380108833313,3.156083345413208,0.0,1.1516863107681274,1.001941204071045,0.0,0.289127916097641,0.0,0.0,0.0,0.2374814748764038,0.0,2.9868969917297363,0.748987078666687,0.0,0.0,4.218884468078613,0.0,1.384697437286377,0.0,4.455163478851318,0.0
[I-].CCCCCCCCCCCC[NH3+],1.6743310689926147,1.4921917915344238,0.0,1.859046459197998,1.3567332029342651,3.526486873626709,0.0,2.436992883682251,1.4842092990875244,0.0,2.0821492671966553,0.7211353182792664,0.0,0.8115921020507812,0.4135393500328064,0.0,4.034207820892334,0.0,2.059600830078125,1.2694100141525269,0.0,0.5955977439880371,2.7794885635375977,0.7184531688690186,0.584835946559906,0.4956567883491516,0.0,1.1042225360870361,0.3279709815979004,3.252124786376953,0.0,1.0966899394989014,1.1032277345657349,0.0,0.25942641496658325,0.0,0.0,0.0,0.23283648490905762,0.0,3.014500617980957,0.8606056571006775,0.0,0.0,4.194102764129639,0.0,1.3887498378753662,0.0,4.496149063110352,0.0
CCCCCC[NH3+].[I-],1.1914547681808472,1.8992576599121094,0.17920947074890137,1.6828070878982544,1.178718090057373,3.0027387142181396,0.0,2.2800886631011963,1.6876354217529297,0.0,1.9929890632629395,0.8858900666236877,0.0,0.9096580147743225,0.06179908663034439,0.0,3.119356632232666,0.0,1.4979134798049927,0.9807913899421692,0.5641511678695679,0.38519227504730225,2.448904037475586,0.3415749669075012,0.6181261539459229,0.5829589366912842,0.0,1.484614610671997,0.34409111738204956,2.4935970306396484,0.0,0.8448753952980042,1.1451902389526367,0.0,0.34829074144363403,0.0,0.0,0.0,0.28905725479125977,0.0,2.271949052810669,0.786346435546875,0.0,0.0,3.346081495285034,0.0,1.7016172409057617,0.0,3.2214062213897705,0.0
CCCCCCCC[NH3+].[I-],1.4134204387664795,1.727461338043213,0.02932221069931984,1.774812936782837,1.278829574584961,3.2373454570770264,0.0,2.3563411235809326,1.6233795881271362,0.0,2.0388975143432617,0.8172877430915833,0.0,0.859094500541687,0.22207140922546387,0.0,3.530113935470581,0.0,1.7521536350250244,1.127969741821289,0.21566614508628845,0.4601882994174957,2.5968284606933594,0.5150099992752075,0.5971871018409729,0.5313018560409546,0.0,1.3031244277954102,0.3489609956741333,2.8650453090667725,0.0,0.9636914134025574,1.1421113014221191,0.0,0.29874902963638306,0.0,0.0,0.0,0.2652406096458435,0.0,2.6049113273620605,0.8008532524108887,0.0,0.0,3.739820957183838,0.0,1.549522876739502,0.0,3.8125216960906982,0.0
CC(C)(C)C[NH3+].[Br-],0.91816246509552,2.142923355102539,1.267959713935852,1.3056161403656006,1.2676727771759033,3.113861083984375,0.0,1.7658436298370361,1.3181970119476318,0.0,2.072308301925659,1.2243911027908325,0.0,0.9989240169525146,0.0,0.0,2.5222225189208984,0.0,0.8757738471031189,0.6145572066307068,0.6011815071105957,0.43283289670944214,2.145803689956665,0.16304732859134674,1.5224039554595947,0.5065265893936157,0.0,1.8529841899871826,0.36610233783721924,1.5738508701324463,0.0,0.6572677493095398,0.918868899345398,0.0,0.31180065870285034,0.21089264750480652,0.0,0.30149853229522705,0.22173655033111572,0.0,1.4944114685058594,1.3902934789657593,0.05709665268659592,0.0,2.8518881797790527,0.0,1.7618060111999512,0.0,2.5779900550842285,0.0
[I-].CC(C)(C)C[NH3+],0.8236027956008911,1.834324598312378,1.2326669692993164,1.181345820426941,0.8806052803993225,3.226825714111328,0.0,1.7525309324264526,1.1325299739837646,0.0,2.0010604858398438,1.3115991353988647,0.0,1.0264933109283447,0.0,0.0,2.5563888549804688,0.0,0.7999968528747559,0.6038275361061096,0.43261006474494934,0.5057353377342224,2.0695695877075195,0.31425708532333374,1.5779476165771484,0.542660117149353,0.01667925901710987,1.6984131336212158,0.16656844317913055,1.7659343481063843,0.0,0.5472747683525085,1.1214425563812256,0.0,0.25239765644073486,0.10369036346673965,0.0,0.3608340322971344,0.21244680881500244,0.0,1.549619197845459,1.6135307550430298,0.05673784390091896,0.0,2.802325487136841,0.0,1.769911766052246,0.0,2.6599619388580322,0.0
c1ccc(cc1)CC[NH3+].[Br-],0.0,0.0,0.9399548172950745,0.0,0.0,3.172144889831543,2.400510549545288,3.195805788040161,0.0,0.6465074419975281,1.3337322473526,0.2773662805557251,0.0,0.0,1.5459024906158447,0.0,2.3330016136169434,0.0,0.739774763584137,0.6974406242370605,0.0,0.0,0.0,3.267538547515869,1.224071741104126,1.1538468599319458,1.0768420696258545,0.0,0.0,1.5908702611923218,0.0,1.424513578414917,2.2914164066314697,0.0,0.0,1.2681405544281006,0.021816086024045944,4.761638641357422,2.723466634750366,0.0,1.7978328466415405,0.0,1.7968387603759766,0.0,1.0119624137878418,0.2436619997024536,0.0,0.0,0.0,1.604162573814392
C1C[NH2+]CC[NH2+]1.[Br-].[Br-],0.0,0.0,1.3151888847351074,0.6685860753059387,0.0,1.5649229288101196,0.0,2.2969682216644287,1.0431493520736694,1.0543150901794434,0.9627339839935303,1.7306560277938843,0.0,3.3646273612976074,1.4407017230987549,0.32388895750045776,1.7937302589416504,0.0,2.1476118564605713,1.2344801425933838,3.554949998855591,0.18245071172714233,1.4233736991882324,0.3628202974796295,1.4846012592315674,1.5456258058547974,1.3401188850402832,1.1417646408081055,0.0,1.4096397161483765,0.0,0.0,1.103590965270996,0.0,0.0,1.819579005241394,0.0,1.3124370574951172,0.0,0.0,2.0085458755493164,1.0710607767105103,1.528414249420166,0.0,2.032057762145996,0.0,1.624025583267212,0.0,0.0,1.1705114841461182
[I-].[I-].C1C[NH2+]CC[NH2+]1,0.0,0.0,1.2534266710281372,0.451113224029541,0.0,1.762612223625183,0.0,2.2736728191375732,0.7182314395904541,0.9699001312255859,0.8380497097969055,1.8832699060440063,0.0,3.412874460220337,1.4206622838974,0.3462577760219574,1.8535205125808716,0.0,2.0150020122528076,1.2157024145126343,3.2599501609802246,0.3100299537181854,1.289963722229004,0.6274373531341553,1.5818018913269043,1.608859658241272,1.3973233699798584,0.8712655305862427,0.0,1.7457852363586426,0.0,0.0,1.458094596862793,0.0,0.0,1.6319749355316162,0.0,1.4162743091583252,0.0,0.0,2.105158567428589,1.4617263078689575,1.5277867317199707,0.0,1.9453232288360596,0.0,1.6382112503051758,0.0,0.0,1.141222357749939
C1CC[NH2+]CC1.[I-],0.0,0.0,1.327460765838623,0.7776046395301819,0.0,2.5169942378997803,0.0,1.5964714288711548,1.3361847400665283,1.580564260482788,1.565751075744629,2.324451446533203,0.0,2.9016613960266113,1.9587007761001587,0.0,2.164139986038208,0.0,1.8916740417480469,0.9552936553955078,2.1354870796203613,0.35403501987457275,1.7856063842773438,1.3679004907608032,1.4704276323318481,0.8821957111358643,1.4267709255218506,0.4789579510688782,0.0,1.999025583267212,0.0,0.11184211820363998,1.9156560897827148,0.0,0.0,1.357617974281311,0.0,2.1563706398010254,0.0,0.0,1.6784236431121826,0.43854156136512756,1.1791746616363525,0.0,2.9172282218933105,0.0,1.0026826858520508,0.0,0.08314986526966095,0.7352971434593201
CN1C=CC=CC1=C[NH+]=O.[I-],0.0,0.0,1.246993899345398,1.898032784461975,0.0,2.0276737213134766,0.0,1.3086907863616943,0.7347171902656555,0.999206006526947,2.0408082008361816,2.012239456176758,0.0,2.5951805114746094,3.9476675987243652,0.0,1.8940443992614746,0.0,1.5117019414901733,0.0,2.6493616104125977,1.6271674633026123,3.8184397220611572,2.2592580318450928,2.4862172603607178,2.1654653549194336,2.2091634273529053,0.0,0.0,0.0,0.0,0.8346057534217834,0.965628981590271,0.0,0.7885729074478149,0.37610915303230286,2.0329346656799316,1.248261570930481,0.0,0.0,2.976391077041626,1.3490691184997559,3.238306760787964,0.0,2.6097049713134766,0.0,0.0,0.0,1.3662347793579102,2.022510528564453
[NH3+]CCC[NH3+].[I-].[I-],0.14486812055110931,0.939487099647522,0.16075022518634796,1.039564847946167,0.0,2.428933620452881,0.0,2.1019933223724365,0.8598042726516724,0.0,1.5406992435455322,0.9165882468223572,0.0,1.3862239122390747,0.0,0.0,2.573248863220215,0.0,0.9125108122825623,0.5782725811004639,1.2252721786499023,0.48187804222106934,1.6009974479675293,0.12105271220207214,0.5852133631706238,0.6513118147850037,0.0,1.7048091888427734,0.0,1.8142439126968384,0.0,0.5948363542556763,1.1944961547851562,0.0,0.5342573523521423,0.5094590783119202,0.0,0.2753273844718933,0.45267680287361145,0.0,1.985821008682251,1.969498634338379,0.23696720600128174,0.0,2.2069597244262695,0.0,1.9627554416656494,0.0,1.7412846088409424,0.0
C1CC[NH2+]C1.[Br-],0.0,0.0,1.3571529388427734,0.7889650464057922,0.0,2.121023178100586,0.0,1.8218092918395996,1.5323644876480103,1.4559123516082764,1.611269235610962,2.21193790435791,0.0,3.0844886302948,1.93647301197052,0.0,2.096480369567871,0.0,1.9736665487289429,0.863342821598053,2.7702040672302246,0.3710609972476959,1.8816308975219727,1.0755882263183594,1.5535928010940552,1.0277150869369507,1.3734419345855713,0.9367747902870178,0.0,1.70625638961792,0.0,0.15926261246204376,1.6419757604599,0.0,0.0,1.3701034784317017,0.0,1.9629034996032715,0.0,0.0,1.801697850227356,0.5525971055030823,1.158233642578125,0.0,2.7234702110290527,0.0,1.1551001071929932,0.0,0.0,0.7465664148330688
C1CC[NH2+]C1.[I-],0.0,0.0,1.3159784078598022,0.6439831256866455,0.0,2.2528159618377686,0.0,1.806279182434082,1.315752387046814,1.3996360301971436,1.528146505355835,2.31368088722229,0.0,3.1166532039642334,1.923113226890564,0.0,2.136340618133545,0.0,1.885259747505188,0.8508246541023254,2.5735368728637695,0.4561139643192291,1.7926912307739258,1.2519996166229248,1.6183931827545166,1.0698708295822144,1.4115782976150513,0.7564420104026794,0.0,1.9303531646728516,0.0,0.030937762930989265,1.8783115148544312,0.0,0.0,1.2450342178344727,0.0,2.0321285724639893,0.0,0.0,1.8661067485809326,0.8130406737327576,1.1578153371810913,0.0,2.665647268295288,0.0,1.1645569801330566,0.0,0.07243533432483673,0.7270402312278748
C1C[NH+]2CCC1CC2.[Br-],0.0,0.0,1.425156593322754,2.15559983253479,0.0,3.852396249771118,0.0,1.9788401126861572,1.1718188524246216,2.3892204761505127,1.6429435014724731,2.8968863487243652,0.0,2.818254232406616,3.777909278869629,0.0,2.179750680923462,0.0,1.8277969360351562,0.45333364605903625,1.993451476097107,1.3498715162277222,3.1557109355926514,2.6251890659332275,1.9581927061080933,0.9285786747932434,2.3109421730041504,0.0,0.0,1.532132625579834,0.0,1.5866084098815918,2.0542988777160645,0.0,0.0,1.4447804689407349,0.0,2.2826108932495117,0.0,0.0,2.1877052783966064,0.04146410524845123,2.4446780681610107,0.0,3.473503589630127,0.0,0.34191861748695374,0.0,0.0,1.759924054145813
C1C[NH+]2CCC1CC2.[I-],0.0,0.0,1.3977068662643433,2.0589451789855957,0.0,3.9402577877044678,0.0,1.9684863090515137,1.027410864830017,2.3517026901245117,1.5875282287597656,2.964714765548706,0.0,2.8396966457366943,3.76900315284729,0.0,2.206324577331543,0.0,1.7688591480255127,0.4449879229068756,1.8623409271240234,1.40657377243042,3.0964174270629883,2.7427961826324463,2.0013935565948486,0.9566821455955505,2.336366891860962,0.0,0.0,1.681530475616455,0.0,1.5010584592819214,2.2118561267852783,0.0,0.0,1.361400842666626,0.0,2.3287606239318848,0.0,0.0,2.230644464492798,0.21509312093257904,2.444399356842041,0.0,3.434955596923828,0.0,0.348223477602005,0.0,0.033261608332395554,1.7469067573547363
C(CC(C)(C)[NH3+])(C)(C)C.[I-],1.210398554801941,1.6534101963043213,1.4906128644943237,1.420952320098877,1.384598731994629,3.5755109786987305,0.0,1.9413509368896484,1.2183018922805786,0.0,1.738446593284607,1.4241893291473389,0.0,1.0676281452178955,0.06910691410303116,0.0,2.74226713180542,0.0,1.0396441221237183,0.9359817504882812,0.18684081733226776,0.5149290561676025,2.255995512008667,0.5021182298660278,2.067856788635254,0.4906153082847595,0.7303345203399658,1.5405242443084717,0.23762765526771545,2.491570234298706,0.0,0.5570549368858337,1.18984055519104,0.0,0.3654596209526062,0.0,0.0,0.049182675778865814,0.02653609588742256,0.0,1.7479227781295776,1.455750823020935,0.15097475051879883,0.0,3.642108917236328,0.0,1.7011549472808838,0.0,3.548433303833008,0.0
C1=CC=[NH+]C=C1.[I-],0.0,0.0,0.2182340919971466,0.0,0.0,3.100620985031128,3.886493444442749,5.197563171386719,0.0,0.8882555961608887,2.0197014808654785,0.7019845843315125,0.0,0.0,2.357557535171509,0.0,1.3352676630020142,0.0,0.19536955654621124,0.9081787467002869,0.0,0.0,0.0,4.978988170623779,1.847996473312378,1.82835054397583,1.610795259475708,0.0,0.0,0.4355584681034088,0.0,0.4223714768886566,5.419341564178467,0.0,0.0,2.14156436920166,1.4862217903137207,5.50194787979126,3.860614061355591,0.0,2.076915740966797,0.0,4.192197322845459,0.0,0.6856918334960938,1.3252359628677368,0.0,0.0,0.0,4.0730695724487305
C1CCC(CC1)C[NH3+].[I-],0.0,0.0,1.1473819017410278,2.0974111557006836,0.0,3.3174962997436523,0.0,1.3242053985595703,1.8689568042755127,1.0130043029785156,1.5839005708694458,1.9002419710159302,0.0,1.8453956842422485,1.882686972618103,0.0,1.8583884239196777,0.0,1.2548751831054688,0.87894606590271,1.4039185047149658,0.9150830507278442,2.784367322921753,1.5656427145004272,0.9908157587051392,0.0719267725944519,1.1347227096557617,0.7779316902160645,0.0,1.9372297525405884,0.0,0.7745427489280701,1.9187796115875244,0.0,0.0,1.0348007678985596,0.0,1.4826774597167969,0.0,0.0,1.3539375066757202,0.0,0.5708439350128174,0.0,3.668851137161255,0.0,0.6339948177337646,0.0,0.8076613545417786,0.1174762025475502
C1CCC(CC1)[NH3+].[I-],0.0,0.0,1.1377711296081543,1.2565585374832153,0.0,3.393113136291504,0.0,1.1695486307144165,1.3249844312667847,1.090010643005371,1.6073861122131348,2.059824228286743,0.0,2.0539894104003906,1.8278024196624756,0.0,1.8784286975860596,0.0,1.3347500562667847,0.9719105362892151,1.1748316287994385,0.6908348202705383,2.248483419418335,1.6769236326217651,1.1978564262390137,0.0,1.149218201637268,0.34322547912597656,0.0,1.8064213991165161,0.0,0.6529338359832764,2.089895486831665,0.0,0.0,0.8950149416923523,0.0,2.004664897918701,0.0,0.0,1.288915753364563,0.00012042466551065445,0.6514183282852173,0.0,3.558255434036255,0.0,0.7175266742706299,0.0,0.4196527600288391,0.36084309220314026
C(CC[NH3+])C[NH3+].[I-].[I-],0.5371299982070923,1.0445201396942139,0.19719716906547546,1.1379151344299316,0.06611568480730057,2.581740379333496,0.0,2.212371587753296,1.013171911239624,0.0,1.5584079027175903,0.7614189386367798,0.0,1.2759767770767212,0.0,0.0,2.883732795715332,0.0,1.257779836654663,0.7661277651786804,0.9671968221664429,0.5690361857414246,1.8760108947753906,0.11290375888347626,0.6044191718101501,0.6233618855476379,0.0,1.6164109706878662,0.0,2.152571201324463,0.0,0.6407715678215027,1.138821005821228,0.0,0.512444794178009,0.2799481451511383,0.0,0.1137085109949112,0.40625569224357605,0.0,2.126345634460449,1.764421820640564,0.21867147088050842,0.0,2.513500690460205,0.0,1.8151257038116455,0.0,2.2646732330322266,0.01034504920244217
C1=CC(=CC=C1[NH3+])[NH3+].[I-].[I-],0.0,0.0,0.9652181267738342,0.0,0.0,3.209444046020508,2.6711466312408447,3.0603551864624023,0.0,0.18579387664794922,0.9159438610076904,0.015897728502750397,0.0,0.0,0.650317907333374,0.0,2.340158462524414,0.0,0.8175767660140991,0.7484899163246155,0.0,0.0,0.0,3.0265190601348877,1.5493053197860718,0.8672042489051819,1.1206080913543701,0.0,0.0,1.5545082092285156,0.0,1.480313777923584,1.9988821744918823,0.0,0.0,0.9534487724304199,0.0,5.184433460235596,3.0393834114074707,0.0,1.9037456512451172,0.7231517434120178,1.710125207901001,0.0,0.3071841299533844,0.7700768113136292,0.0,0.0,0.0,2.034069538116455
C1CC[N+]2(C1)CCCC2.[I-],0.0,0.0,2.421254873275757,1.0484073162078857,0.0,3.6329123973846436,0.0,1.2863216400146484,1.7113370895385742,2.6466732025146484,1.4294605255126953,3.508748769760132,0.0,3.33322811126709,4.328612804412842,0.0,2.55527925491333,0.0,2.232189655303955,0.3671446740627289,1.9320026636123657,1.0974575281143188,2.8412444591522217,3.0323827266693115,2.6065244674682617,1.8177639245986938,3.087080717086792,0.0,0.0,1.915203332901001,0.0,1.2822948694229126,1.680884838104248,0.0,0.0,1.6073952913284302,0.0,3.1582159996032715,0.0,0.0,2.118419647216797,0.32018694281578064,2.3260438442230225,0.0,3.3478753566741943,0.0,0.0,0.0,0.0,1.625628113746643
CC[NH2+]CC.[I-],0.618894636631012,2.0956203937530518,0.13741494715213776,1.0426205396652222,0.9176588654518127,2.738910675048828,0.0,2.2563676834106445,1.6171607971191406,0.0,1.5619868040084839,1.2250511646270752,0.0,1.2474182844161987,0.0,0.0,2.3879387378692627,0.0,0.9524277448654175,0.15297818183898926,1.1496176719665527,0.40690600872039795,2.131833076477051,0.18947306275367737,0.45855098962783813,1.2977993488311768,0.0,1.6803839206695557,0.18650734424591064,2.040494203567505,0.0,0.9671216607093811,0.8608231544494629,0.0,0.5277004241943359,0.09599625319242477,0.0,0.12757106125354767,0.37339815497398376,0.0,2.232182025909424,0.8758953809738159,0.0,0.0,2.891540288925171,0.0,1.9549648761749268,0.0,2.3914830684661865,0.0
C1CC[NH+](C1)CC[NH3+].[I-].[I-],0.0,0.0,0.7812193632125854,2.4264891147613525,0.0,2.393726348876953,0.0,2.221247673034668,1.5393264293670654,0.46470287442207336,1.2593879699707031,1.6801234483718872,0.0,2.2795650959014893,1.2379131317138672,0.0,1.7770389318466187,0.0,1.2756867408752441,0.4222801625728607,2.37508487701416,1.1208288669586182,2.697456121444702,0.8570684194564819,1.1389617919921875,0.659503161907196,1.3901474475860596,1.4714176654815674,0.0,2.369615077972412,0.0,0.5900261402130127,1.6682966947555542,0.0,0.20586007833480835,1.1015232801437378,0.0,0.511434018611908,0.0,0.0,1.914652705192566,1.2955282926559448,0.9824540019035339,0.0,3.033001661300659,0.0,1.3990681171417236,0.0,1.189477801322937,0.32949042320251465
C[NH+](C)CC[NH3+].[I-].[I-],0.5726619958877563,1.2522261142730713,0.4884912073612213,0.9968032836914062,0.30083268880844116,2.7822816371917725,0.0,2.4884982109069824,1.0128487348556519,0.0,1.4463170766830444,1.1083790063858032,0.0,1.270297884941101,0.0,0.0,2.3758022785186768,0.0,0.8340970277786255,0.5030614733695984,1.312679648399353,0.6530545949935913,1.887509822845459,0.1505085825920105,0.9309518933296204,0.982818603515625,0.05723663419485092,1.818589448928833,0.0,2.294700860977173,0.0,0.6445459127426147,1.542516827583313,0.0,0.7491838932037354,0.4498124122619629,0.0,0.07080566883087158,0.5568252801895142,0.0,2.0293056964874268,2.091620683670044,0.36855214834213257,0.0,2.386329412460327,0.0,2.116446018218994,0.0,2.138692855834961,0.0
C[NH+](C)CCC[NH3+].[I-].[I-],0.6419873237609863,1.335662841796875,0.3195326626300812,1.108330488204956,0.4607048034667969,2.8298356533050537,0.0,2.533766508102417,1.273898720741272,0.0,1.5598806142807007,0.9845066070556641,0.0,1.2274277210235596,0.0,0.0,2.646531581878662,0.0,0.9534451365470886,0.5448780059814453,1.0346962213516235,0.535512387752533,2.012258291244507,0.22835798561573029,0.9554678201675415,0.9928913712501526,0.0,1.7016384601593018,0.0,2.485002040863037,0.0,0.7445587515830994,1.5398459434509277,0.0,0.674447774887085,0.08820789307355881,0.0,0.1642284244298935,0.544989287853241,0.0,2.226294994354248,1.8219963312149048,0.2232409119606018,0.0,2.708176374435425,0.0,1.9531426429748535,0.0,2.46891450881958,0.0
CC[NH+](CC)CCC[NH3+].[I-].[I-],0.8188931941986084,1.4386019706726074,0.5663718581199646,1.1557137966156006,0.8781782388687134,2.917473316192627,0.0,2.378495216369629,1.3161059617996216,0.0,1.2100236415863037,1.1114007234573364,0.0,1.3011233806610107,0.09132108092308044,0.0,2.8798987865448,0.0,1.00998055934906,0.8957902789115906,0.583360493183136,0.3665640652179718,2.020747423171997,0.36272644996643066,1.005501627922058,0.9808056354522705,0.481533020734787,1.4464244842529297,0.0,3.276273250579834,0.0,0.3760419189929962,1.4216755628585815,0.0,0.5665658712387085,0.06639055162668228,0.0,0.12514597177505493,0.38739222288131714,0.0,2.436854839324951,1.7250932455062866,0.12184983491897583,0.0,3.2638816833496094,0.0,1.734102487564087,0.0,3.012791156768799,0.0
CC(C)[NH2+]C(C)C.[I-],0.8977929353713989,1.8449881076812744,0.6989263892173767,1.4128881692886353,1.2891650199890137,3.13855242729187,0.0,1.9891775846481323,1.4864692687988281,0.0,1.571433663368225,1.3483752012252808,0.0,1.1033741235733032,0.2203192263841629,0.0,2.3886327743530273,0.0,0.8882930874824524,0.5490285754203796,0.6999979019165039,0.42475301027297974,2.2111103534698486,0.4807751476764679,1.1588588953018188,1.1211544275283813,0.3743775188922882,1.6058037281036377,0.2786172330379486,2.413177490234375,0.0,0.6009971499443054,1.008134126663208,0.0,0.5119310021400452,0.0,0.0,0.16264693439006805,0.14341522753238678,0.0,1.9861323833465576,1.1652491092681885,0.0,0.0,3.324366807937622,0.0,1.5172455310821533,0.0,2.8521957397460938,0.0
[I-].[NH3+](CCC1=CC=C(C=C1)OC),0.0,0.0,0.8441342115402222,0.0,0.0,3.5262880325317383,1.9270116090774536,2.5772311687469482,0.0,0.876454770565033,0.9941357970237732,0.4081009030342102,0.0,0.0,0.2412632256746292,0.0,2.7221314907073975,0.0,0.9521629214286804,0.26872605085372925,0.0,0.0,0.0,2.8484933376312256,1.0518254041671753,1.1334761381149292,0.9088435173034668,0.0,0.0,1.8079125881195068,0.0,2.004096508026123,1.660291314125061,0.0,0.0,0.6612876057624817,0.0,4.439508438110352,2.5649302005767822,0.0,2.015273332595825,0.4110439419746399,1.383640170097351,0.0,1.3127449750900269,0.0,0.0,0.0,0.14220662415027618,1.3300530910491943
CC(C)[NH3+].[Br-],0.0,1.672408103942871,0.7089322805404663,0.8896682858467102,0.25717929005622864,2.7527809143066406,0.0,1.700321078300476,1.1402366161346436,0.0,1.8937878608703613,1.2834471464157104,0.0,0.929632842540741,0.0,0.0,2.103148937225342,0.0,0.6773049235343933,0.5102896690368652,0.9295535087585449,0.1985659897327423,1.7852520942687988,0.17261260747909546,1.03435480594635,0.5817618370056152,0.0,1.6677827835083008,0.2087704986333847,1.04642915725708,0.0,0.6700744032859802,1.0164142847061157,0.0,0.1614883840084076,0.1902417540550232,0.0,0.4116252064704895,0.2064758837223053,0.0,1.3374327421188354,0.9577367305755615,0.20985671877861023,0.0,2.4709057807922363,0.0,1.8894906044006348,0.0,1.6757115125656128,0.0
C1(=CC=C(C=C1)C(F)(F)F)[NH3+].[Br-],0.0,0.0,1.5318803787231445,0.0,0.0,3.8283393383026123,2.178278923034668,2.8270785808563232,0.0,0.6836491823196411,0.9872444272041321,0.06166839599609375,0.0,0.0,1.0052047967910767,0.0,3.2044179439544678,0.0,0.07759831100702286,0.9159454703330994,0.0,0.0,0.0,2.7931203842163086,0.21928948163986206,0.6399091482162476,0.4925929307937622,0.0,0.0,0.7490438222885132,0.0,1.2528772354125977,1.7063958644866943,0.0,0.0,1.9912694692611694,0.08503276109695435,3.966416120529175,2.2821483612060547,0.0,2.1991262435913086,0.5197001695632935,1.5977437496185303,0.0,0.5381534695625305,0.5503285527229309,0.0,0.0,0.0,1.8414113521575928
C1COCC[NH2+]1.[Br-],0.0,0.0,1.4329984188079834,0.819005012512207,0.0,2.0389394760131836,0.0,1.6537742614746094,0.6669590473175049,1.28623628616333,0.6782177090644836,2.3352878093719482,0.0,3.4341328144073486,1.482569932937622,0.0,1.1534737348556519,0.0,1.851707100868225,0.4649907648563385,3.2042908668518066,1.0123869180679321,2.3679261207580566,0.9544937014579773,1.0934889316558838,1.6004666090011597,1.5667520761489868,0.053238097578287125,0.0,1.0605707168579102,0.0,0.0,0.9479507207870483,0.0,0.0,1.6834745407104492,0.28180164098739624,0.5973649024963379,0.0,0.0,2.302340030670166,0.6734699010848999,1.691977620124817,0.0,1.973469853401184,0.0,1.5694842338562012,0.0,0.24101479351520538,1.2907029390335083
[NH3+]CC1CCCCC1.[Br-],0.0,0.0,1.174831748008728,2.194065809249878,0.0,3.2296338081359863,0.0,1.334559679031372,2.013364315032959,1.0505220890045166,1.6393156051635742,1.8324133157730103,0.0,1.8239526748657227,1.8915935754776,0.0,1.8318147659301758,0.0,1.3138130903244019,0.8872921466827393,1.535029411315918,0.8583806753158569,2.843660354614258,1.4480348825454712,0.9476155638694763,0.0438232421875,1.109298825263977,0.8981539011001587,0.0,1.7878315448760986,0.0,0.860092282295227,1.7612226009368896,0.0,0.0,1.118180751800537,0.0,1.4365277290344238,0.0,0.0,1.3109980821609497,0.0,0.5711230635643005,0.0,3.7073991298675537,0.0,0.6276900768280029,0.0,0.7439051270484924,0.13049370050430298
C[NH+](C)CCC[NH3+].[Br-].[Br-],0.7890808582305908,1.8157038688659668,0.37443220615386963,1.3016396760940552,1.0628101825714111,2.654111862182617,0.0,2.554474115371704,1.5627145767211914,0.0,1.6707111597061157,0.8488495349884033,0.0,1.1845418214797974,0.0,0.0,2.593384265899658,0.0,1.07132089138031,0.5615691542625427,1.2969181537628174,0.42210906744003296,2.130844831466675,0.0,0.8690671324729919,0.9366840720176697,0.0,1.9420826435089111,0.24724610149860382,2.186206102371216,0.0,0.9156587719917297,1.224731683731079,0.0,0.7668530344963074,0.25496718287467957,0.0,0.07192881405353546,0.5594401359558105,0.0,2.1404168605804443,1.4747382402420044,0.223798930644989,0.0,2.785274028778076,0.0,1.94053316116333,0.0,2.341402530670166,0.0
[NH3+]CC[NH+]1CCCC1.[Br-].[Br-],0.0,0.0,0.8306291103363037,2.6004674434661865,0.0,2.235574960708618,0.0,2.2398841381073,1.7992608547210693,0.5322346687316895,1.3591351509094238,1.5580326318740845,0.0,2.2409677505493164,1.2539445161819458,0.0,1.7292065620422363,0.0,1.3817747831344604,0.4373020827770233,2.6110856533050537,1.0187656879425049,2.8041841983795166,0.645374596118927,1.0612014532089233,0.6089166402816772,1.3443840742111206,1.687816858291626,0.0,2.100698471069336,0.0,0.7440159916877747,1.38469398021698,0.0,0.28902506828308105,1.2516065835952759,0.0,0.4283641278743744,0.0,0.0,1.8373624086380005,0.9829960465431213,0.9829559922218323,0.0,3.102389097213745,0.0,1.3877196311950684,0.0,1.0747170448303223,0.3529217541217804
[NH3+]c1ccc([NH3+])cc1.[Br-].[Br-],0.0,0.0,1.0146275758743286,0.0,0.0,3.051292896270752,2.732210636138916,3.0789918899536133,0.0,0.2533259689807892,1.0156911611557007,0.0,0.0,0.0,0.6663490533828735,0.0,2.2923264503479004,0.0,0.9236647486686707,0.7635117173194885,0.0,0.0,0.0,2.8148252964019775,1.4715447425842285,0.8166174292564392,1.0748445987701416,0.0,0.0,1.285591959953308,0.0,1.6343038082122803,1.7152793407440186,0.0,0.0,1.103531837463379,0.07751825451850891,5.101363658905029,3.052389144897461,0.0,1.8264555931091309,0.41061896085739136,1.7106269598007202,0.0,0.37657177448272705,0.5662726163864136,0.0,0.0,0.0,2.0575008392333984
[NH3+]CCCC[NH3+].[Br-].[Br-],0.7026100158691406,1.5845670700073242,0.2589590847492218,1.3553884029388428,0.7434837222099304,2.3840513229370117,0.0,2.2356667518615723,1.3380895853042603,0.0,1.6830923557281494,0.6088048219680786,0.0,1.227730393409729,0.0,0.0,2.823941707611084,0.0,1.390389323234558,0.784905195236206,1.2621963024139404,0.4414568245410919,2.009420871734619,0.0,0.5072183012962341,0.5601286888122559,0.0,1.8869104385375977,0.26966920495033264,1.816426157951355,0.0,0.8332589864730835,0.7843173742294312,0.0,0.6164008378982544,0.4675522744655609,0.0,0.009871449321508408,0.42251262068748474,0.0,2.0297324657440186,1.3737564086914062,0.21929919719696045,0.0,2.6002347469329834,0.0,1.8009400367736816,0.0,2.121222496032715,0.03963426500558853
CC(C)[NH2+]C(C)C.[Br-],0.9805328845977783,2.115011692047119,0.7298073768615723,1.5216246843338013,1.6278486251831055,3.039708137512207,0.0,2.0008254051208496,1.6489282846450806,0.0,1.6337758302688599,1.2720681428909302,0.0,1.0792505741119385,0.23033861815929413,0.0,2.3587374687194824,0.0,0.954598069190979,0.5584173798561096,0.8474979400634766,0.3609633147716522,2.277815341949463,0.3484663665294647,1.1102584600448608,1.0895377397537231,0.34577539563179016,1.741053581237793,0.4532092809677124,2.245105028152466,0.0,0.6972406506538391,0.8308825492858887,0.0,0.5639089941978455,0.01971648633480072,0.0,0.1107284426689148,0.15154404938220978,0.0,1.93782639503479,0.969916582107544,0.0,0.0,3.36773419380188,0.0,1.510152816772461,0.0,2.780470132827759,0.0
CC[NH2+]CC.[Br-],0.7292148470878601,2.4556515216827393,0.1785896271467209,1.1876028776168823,1.3692378997802734,2.6071178913116455,0.0,2.271897792816162,1.8337726593017578,0.0,1.64510977268219,1.1233083009719849,0.0,1.2152539491653442,0.0,0.0,2.3480777740478516,0.0,1.0408341884613037,0.1654965877532959,1.34628427028656,0.32185307145118713,2.2207729816436768,0.013061590492725372,0.39375039935112,1.2556438446044922,0.0,1.8607170581817627,0.41929689049720764,1.8163974285125732,0.0,1.0954467058181763,0.6244872808456421,0.0,0.5970042943954468,0.22106558084487915,0.0,0.05834618955850601,0.3842363655567169,0.0,2.1677732467651367,0.6154518127441406,0.0,0.0,2.9493627548217773,0.0,1.945507526397705,0.0,2.295848846435547,0.0
CC[NH+](CC)CC[NH3+].[Br-].[Br-],0.8672611117362976,1.900017499923706,0.7843442559242249,1.2523159980773926,1.3927568197250366,2.6791117191314697,0.0,2.375258207321167,1.4936366081237793,0.0,1.247170329093933,1.0045981407165527,0.0,1.2380660772323608,0.04845171421766281,0.0,2.6081695556640625,0.0,0.9917386770248413,0.9054050445556641,0.9887771606445312,0.3052801787853241,2.052744150161743,0.0399315282702446,0.9479515552520752,0.9415388703346252,0.6035634279251099,1.7167527675628662,0.23807230591773987,2.916863441467285,0.0,0.3851011395454407,1.184648036956787,0.0,0.7267085909843445,0.5306815505027771,0.0,0.0039507485926151276,0.4295058250427246,0.0,2.140075445175171,1.4788745641708374,0.29208675026893616,0.0,3.125368595123291,0.0,1.8098726272583008,0.0,2.6284027099609375,0.0
[NH3+]CCCCCC[NH3+].[Br-].[Br-],1.0183097124099731,1.608245849609375,0.13256457448005676,1.566299557685852,1.009892225265503,2.6846299171447754,0.0,2.3714654445648193,1.5523630380630493,0.0,1.812923550605774,0.5837361812591553,0.0,1.1337954998016357,0.01035635732114315,0.0,3.2241594791412354,0.0,1.59293794631958,1.062321424484253,0.8465787172317505,0.3859069347381592,2.247990369796753,0.056603364646434784,0.4935988187789917,0.4930155873298645,0.0,1.6834659576416016,0.3305065631866455,2.3685243129730225,0.0,0.8634121417999268,0.965958833694458,0.0,0.5166628360748291,0.0,0.0,0.0,0.364855021238327,0.0,2.333496570587158,1.2162189483642578,0.08868096768856049,0.0,3.105414867401123,0.0,1.6339070796966553,0.0,2.8387742042541504,0.0
C1(=CC=C(C=C1)C(F)(F)F)C[NH3+].[Br-],0.0,0.0,1.46145761013031,0.0,0.0,3.863591194152832,1.6031897068023682,2.6553783416748047,0.0,0.7128781080245972,1.0226129293441772,0.1717124879360199,0.0,0.0,1.151687741279602,0.0,3.2339227199554443,0.0,0.1201355904340744,0.9265730381011963,0.0,0.0,0.0,2.8020341396331787,0.18160249292850494,0.786795437335968,0.5063144564628601,0.0,0.0,0.8587824106216431,0.0,1.3264813423156738,1.6208001375198364,0.0,0.0,1.821109414100647,0.03372913971543312,3.6782639026641846,1.9702767133712769,0.0,2.1222681999206543,0.4196215569972992,1.6017504930496216,0.0,0.7233685851097107,0.2420802265405655,0.0,0.0,0.04984540864825249,1.544974684715271
[NH3+]Cc1ccc(F)cc1.[Br-],0.0,0.0,1.1584709882736206,0.0,0.0,3.490853786468506,2.640441656112671,2.9442360401153564,0.0,0.7468158602714539,1.1906365156173706,0.0906953290104866,0.0,0.0,1.3815230131149292,0.0,2.6914572715759277,0.0,0.4170570373535156,0.8025829195976257,0.0,0.0,0.0,3.507284641265869,0.8332473039627075,0.8831620812416077,0.9419530630111694,0.0,0.0,0.9955914616584778,0.0,1.5355496406555176,2.054720878601074,0.0,0.0,1.5344152450561523,0.0,5.09220552444458,2.6641643047332764,0.0,1.8550355434417725,0.0,1.8965930938720703,0.0,0.405497282743454,0.5023471117019653,0.0,0.0,0.0,1.886997103691101
[NH3+]CCc1ccc(F)cc1.[Br-],0.0,0.0,1.1194487810134888,0.0,0.0,3.3102214336395264,2.1112489700317383,2.8610317707061768,0.0,0.6742694973945618,1.1837468147277832,0.2240055799484253,0.0,0.0,1.4097241163253784,0.0,2.682523488998413,0.0,0.4800504148006439,0.7845411896705627,0.0,0.0,0.0,3.1654601097106934,0.8420136570930481,0.8988493084907532,0.9066774845123291,0.0,0.0,1.3098968267440796,0.0,1.4610298871994019,1.8672561645507812,0.0,0.0,1.44527006149292,0.06703701615333557,4.387363910675049,2.3485050201416016,0.0,1.9027363061904907,0.0,1.674845814704895,0.0,0.8074674606323242,0.25914934277534485,0.0,0.0,0.0,1.6073557138442993
[NH3+]c1ccc(F)cc1.[Br-],0.0,0.0,1.1920887231826782,0.0,0.0,3.4436473846435547,3.4413228034973145,3.130070924758911,0.0,0.7313188314437866,1.2066175937652588,0.010364707559347153,0.0,0.0,1.188073992729187,0.0,2.5704116821289062,0.0,0.4025243818759918,0.7428058385848999,0.0,0.0,0.0,3.6464388370513916,0.9625374674797058,0.7653340101242065,1.0178295373916626,0.0,0.0,0.834905207157135,0.0,1.5746872425079346,2.228492259979248,0.0,0.0,1.7326399087905884,0.10444250702857971,5.642816066741943,3.1617014408111572,0.0,1.8570760488510132,0.0,1.9747265577316284,0.0,0.1368078589439392,0.8468983173370361,0.0,0.0,0.0,2.262206554412842
COc1ccc(CC[NH3+])cc1.[Br-],0.0,0.0,0.8647217154502869,0.0,0.0,3.4603915214538574,1.9524554014205933,2.5849967002868652,0.0,0.9045929908752441,1.035697102546692,0.35722893476486206,0.0,0.0,0.24794308841228485,0.0,2.7022008895874023,0.0,0.9963659644126892,0.2749853730201721,0.0,0.0,0.0,2.760287284851074,1.0194249153137207,1.1123985052108765,0.8897751569747925,0.0,0.0,1.6958637237548828,0.0,2.068258762359619,1.542123556137085,0.0,0.0,0.723822295665741,0.0,4.404895782470703,2.5703489780426025,0.0,1.9830689430236816,0.2808224558830261,1.3838493824005127,0.0,1.3416565656661987,0.0,0.0,0.0,0.09438987076282501,1.3398159742355347
COc1ccc([NH3+])cc1.[Br-],0.0,0.0,0.8676416873931885,0.0,0.0,3.5957186222076416,3.0840611457824707,2.8102941513061523,0.0,0.9918425679206848,1.0052909851074219,0.2438555359840393,0.0,0.0,0.0,0.0,2.657658815383911,0.0,1.0039794445037842,0.24875745177268982,0.0,0.0,0.0,3.0891153812408447,1.1043299436569214,0.9423022866249084,0.9946252107620239,0.0,0.0,1.3534661531448364,0.0,2.3274142742156982,1.7662283182144165,0.0,0.0,0.9276096820831299,0.0,5.5151166915893555,3.3412654399871826,0.0,1.932639479637146,0.3000688850879669,1.646687388420105,0.0,0.8316248655319214,0.22698871791362762,0.0,0.0,0.0,1.8716131448745728
[NH3+]C1CCCCC1.[Br-],0.0,0.0,1.168652057647705,1.3652950525283813,0.0,3.2942683696746826,0.0,1.1811964511871338,1.4874430894851685,1.1322181224822998,1.669728398323059,1.9835171699523926,0.0,2.0298659801483154,1.8378225564956665,0.0,1.848533272743225,0.0,1.401055097579956,0.9812992215156555,1.3223310708999634,0.6270450949668884,2.315188407897949,1.5446150302886963,1.1492559909820557,0.0,1.1206161975860596,0.4784749448299408,0.0,1.6383488178253174,0.0,0.7491772174835205,1.9126439094543457,0.0,0.0,0.988817036151886,0.0,1.9527461528778076,0.0,0.0,1.2406094074249268,0.0,0.6517323851585388,0.0,3.601621389389038,0.0,0.7104334831237793,0.0,0.34792739152908325,0.3754877746105194
C[NH2+]C.[Br-],0.0,0.9827900528907776,0.408977210521698,0.16126181185245514,0.0,2.4536914825439453,0.0,2.2385239601135254,0.8802394866943359,0.0,1.4963529109954834,1.526285171508789,0.0,1.2238051891326904,0.0,0.0,1.77678644657135,0.0,0.48862770199775696,0.2849353849887848,1.5139415264129639,0.18585890531539917,1.4124884605407715,0.11884512007236481,0.4182853102684021,0.9241918921470642,0.0,1.6672685146331787,0.0,1.261295199394226,0.0,0.9489445090293884,1.059036135673523,0.0,0.0,0.8388490676879883,0.0,0.44806545972824097,0.45173245668411255,0.0,1.591158151626587,1.0467338562011719,0.12166165560483932,0.0,1.941578984260559,0.0,2.385122299194336,0.0,0.9116211533546448,0.005265749990940094
c1c[nH+]c[nH]1.[Br-],0.0,0.0,0.0,0.0,0.0,3.3652193546295166,2.1088860034942627,7.596714019775391,0.0,0.30208224058151245,2.938514471054077,1.4959431886672974,0.0,0.9841763377189636,3.8887205123901367,0.0,0.0,0.0,0.0,0.8158605694770813,0.0,1.3874258995056152,0.0,6.461658477783203,2.543541193008423,2.559899091720581,2.4119462966918945,0.0,0.0,0.0,0.0,0.0,7.86576509475708,0.0,0.0,2.9548401832580566,4.894985675811768,2.2418603897094727,3.31502628326416,0.0,3.101195812225342,0.0,6.9174675941467285,0.0,1.292707920074463,1.1729944944381714,1.6331961154937744,0.0,0.0,6.853275299072266
CC(C)CC[NH3+].[Br-],1.1715667247772217,2.250704526901245,0.7171544432640076,1.7091782093048096,1.495306372642517,2.898672103881836,0.0,1.9861629009246826,1.6931253671646118,0.0,1.9987704753875732,1.0641944408416748,0.0,0.9963397979736328,0.0,0.0,2.698521614074707,0.0,1.1826876401901245,0.736310601234436,0.9546139240264893,0.43868786096572876,2.358350992202759,0.1134166270494461,0.9849733710289001,0.558064341545105,0.0,1.8607754707336426,0.5652574896812439,1.8439699411392212,0.0,0.7450089454650879,0.8466574549674988,0.0,0.5553624033927917,0.04245886206626892,0.0,0.0,0.1999298334121704,0.0,1.7961410284042358,0.999710738658905,0.0,0.0,3.0181291103363037,0.0,1.7412514686584473,0.0,2.749385118484497,0.0
CCCC[NH3+].[Br-],0.862590491771698,2.3178870677948,0.3772065341472626,1.5487548112869263,1.3183062076568604,2.6308181285858154,0.0,2.0945942401885986,1.6652576923370361,0.0,1.933659553527832,0.9547363519668579,0.0,0.9755281805992126,0.0,0.0,2.576284170150757,0.0,1.218146800994873,0.5961551070213318,1.171494722366333,0.32795146107673645,2.20662260055542,0.0,0.5726200342178345,0.6616553068161011,0.0,1.8759241104125977,0.4778884947299957,1.6477525234222412,0.0,0.8281283378601074,0.7980896234512329,0.0,0.5163193345069885,0.19157791137695312,0.0,0.0,0.3454534411430359,0.0,1.8190674781799316,0.7238470911979675,0.0,0.0,2.831432580947876,0.0,1.9676282405853271,0.0,2.320180892944336,0.0
CCCCCC[NH3+].[Br-],1.2741947174072266,2.169281005859375,0.2100905478000641,1.7915436029434204,1.517402172088623,2.9038941860198975,0.0,2.2917368412017822,1.850094199180603,0.0,2.0553314685821533,0.8095830082893372,0.0,0.885534405708313,0.07181885838508606,0.0,3.089460849761963,0.0,1.564218521118164,0.9901804327964783,0.7116515636444092,0.32140272855758667,2.5156090259552,0.2092660814523697,0.5695257186889648,0.5513417720794678,0.0,1.619863748550415,0.518683135509491,2.325523853302002,0.0,0.9411190748214722,0.9679384231567383,0.0,0.4002684950828552,0.0,0.0,0.0,0.2971859574317932,0.0,2.2236428260803223,0.5910138487815857,0.0,0.0,3.389448642730713,0.0,1.6945245265960693,0.0,3.1496808528900146,0.0
CCCCCCCC[NH3+].[Br-],1.4796125888824463,1.9434800148010254,0.05402705445885658,1.8618022203445435,1.5497767925262451,3.1582703590393066,0.0,2.365659475326538,1.7533469200134277,0.0,2.088771104812622,0.7562422752380371,0.0,0.8397959470748901,0.2300870567560196,0.0,3.506197690963745,0.0,1.8051975965499878,1.1354807615280151,0.33366623520851135,0.4091566801071167,2.6501924991607666,0.4091630280017853,0.5583069920539856,0.5060083866119385,0.0,1.4113242626190186,0.4886348247528076,2.7305870056152344,0.0,1.0406863689422607,1.0003094673156738,0.0,0.340331494808197,0.0,0.0,0.0,0.27174362540245056,0.0,2.5662662982940674,0.644586980342865,0.0,0.0,3.7745156288146973,0.0,1.5438487529754639,0.0,3.7551417350769043,0.0
CCC[NH3+].[Br-],0.0,1.697373867034912,0.45947304368019104,1.0241522789001465,0.22536590695381165,2.5396361351013184,0.0,1.9680112600326538,1.2786425352096558,0.0,1.933909296989441,1.2141464948654175,0.0,1.0314267873764038,0.0,0.0,2.3074934482574463,0.0,0.9587003588676453,0.36082950234413147,1.1781970262527466,0.2177106738090515,1.805509328842163,0.0,0.5468083620071411,0.6147030591964722,0.0,1.751068115234375,0.1454233080148697,1.2295567989349365,0.0,0.8697844743728638,0.8004938960075378,0.0,0.12878753244876862,0.5060057044029236,0.0,0.2996634244918823,0.3601146936416626,0.0,1.6085944175720215,0.9274544715881348,0.0,0.0,2.3678247928619385,0.0,2.0785441398620605,0.0,1.6828033924102783,0.0
CC[NH+](CC)CCC[NH3+].[Br-].[Br-],0.9392423033714294,1.8313632011413574,0.6112897992134094,1.3138762712478638,1.3708099126815796,2.7736997604370117,0.0,2.395437479019165,1.5524101257324219,0.0,1.3007031679153442,1.0004085302352905,0.0,1.2660353183746338,0.10589516162872314,0.0,2.8364150524139404,0.0,1.106424331665039,0.9094468951225281,0.7979060411453247,0.273779034614563,2.1177725791931152,0.17027774453163147,0.9348104596138,0.9348174333572388,0.4399299621582031,1.6431515216827393,0.21153287589550018,3.031804084777832,0.0,0.5160328149795532,1.163854718208313,0.0,0.642170250415802,0.20282968878746033,0.0,0.04962792620062828,0.39921629428863525,0.0,2.366590738296509,1.440972924232483,0.1223064661026001,0.0,3.326961040496826,0.0,1.723785400390625,0.0,2.9084632396698,0.0
[NH3+]c1ccccc1.[Br-],0.0,0.0,0.9788667559623718,0.0,0.0,3.26957106590271,3.895094394683838,3.5649006366729736,0.0,0.6890212297439575,1.4117845296859741,0.057763487100601196,0.0,0.0,1.3025652170181274,0.0,2.107785701751709,0.0,0.7374624609947205,0.6418543457984924,0.0,0.0,0.0,3.8510563373565674,1.439883828163147,1.0565285682678223,1.2643111944198608,0.0,0.0,1.1156190633773804,0.0,1.5477224588394165,2.783999443054199,0.0,0.0,1.536374807357788,0.020846208557486534,6.280356407165527,3.6726579666137695,0.0,1.7286834716796875,0.0,2.2005770206451416,0.0,0.2897319793701172,0.8626581430435181,0.0,0.0,0.0,2.333684206008911
c1cc[nH+]cc1.[Br-],0.0,0.0,0.2535267472267151,0.0,0.0,2.9876554012298584,3.9301106929779053,5.210874080657959,0.0,0.9364925026893616,2.090949535369873,0.6147767901420593,0.0,0.0,2.3690085411071777,0.0,1.301101803779602,0.0,0.27114635705947876,0.9189088344573975,0.0,0.0,0.0,4.827777862548828,1.7924532890319824,1.7922173738479614,1.5781071186065674,0.0,0.0,0.24347509443759918,0.0,0.532363772392273,5.216768264770508,0.0,0.0,2.2487666606903076,1.5510071516036987,5.442612648010254,3.869903802871704,0.0,2.0217082500457764,0.0,4.192556381225586,0.0,0.7352544069290161,1.179661750793457,0.0,0.0,0.0,4.089806079864502
CC(C)(C)[NH3+].[Br-],0.33860087394714355,1.6215147972106934,1.216343641281128,0.8352648615837097,0.603310763835907,2.9662938117980957,0.0,1.7264117002487183,1.0878193378448486,0.0,1.7838754653930664,1.265698790550232,0.0,1.0055475234985352,0.0,0.0,2.2611098289489746,0.0,0.7660322189331055,0.7361546158790588,0.658440351486206,0.19531354308128357,1.8250617980957031,0.17553600668907166,1.5962997674942017,0.40211838483810425,0.1165643259882927,1.643584966659546,0.2065849006175995,1.2943860292434692,0.0,0.6117204427719116,0.9671094417572021,0.0,0.16798296570777893,0.05161287635564804,0.0,0.3737212121486664,0.13813462853431702,0.0,1.3520468473434448,1.1715805530548096,0.18712544441223145,0.0,2.8414270877838135,0.0,1.842740535736084,0.0,2.2462642192840576,0.0
CC(C)(C)CC(C)(C)[NH3+].[Br-],1.2765913009643555,1.869429111480713,1.5153177976608276,1.5079416036605835,1.655545949935913,3.4964354038238525,0.0,1.950669288635254,1.3482692241668701,0.0,1.7883200645446777,1.3631435632705688,0.0,1.0483295917510986,0.0771227702498436,0.0,2.718351125717163,0.0,1.0926884412765503,0.9434932470321655,0.3048408031463623,0.4638975262641907,2.309359312057495,0.39627107977867126,2.0289764404296875,0.4653218388557434,0.7074524760246277,1.648723840713501,0.3773014545440674,2.3571126461029053,0.0,0.6340497732162476,1.0480387210845947,0.0,0.40704208612442017,0.0,0.0,0.007647700607776642,0.03303886577486992,0.0,1.7092777490615845,1.2994847297668457,0.15122577548027039,0.0,3.67680287361145,0.0,1.6954803466796875,0.0,3.4910526275634766,0.0
COCC[NH3+].[Br-],0.6977585554122925,2.3392257690429688,0.5012661218643188,1.2948312759399414,1.1068459749221802,2.52724027633667,0.0,1.7565271854400635,1.4392701387405396,0.0,1.645831823348999,1.0224703550338745,0.0,1.2411049604415894,0.0,0.0,2.3147289752960205,0.0,0.8534321784973145,0.2986838221549988,1.3331464529037476,0.5519416332244873,2.0829665660858154,0.0,0.3586394786834717,0.7778717279434204,0.0,1.8850209712982178,0.5173082947731018,0.9951042532920837,0.0,0.9100614786148071,0.4700665771961212,0.0,0.7658314108848572,0.6986303329467773,0.0,0.0,0.26597127318382263,0.0,1.8018807172775269,0.6295273303985596,0.13421019911766052,0.0,2.4513461589813232,0.0,2.169935703277588,0.0,1.9438730478286743,0.00846020132303238
C[N+](=C)C.[I-],0.41394975781440735,2.1591715812683105,0.8565014004707336,0.8265995979309082,0.5878589749336243,2.563143014907837,0.0,1.9603562355041504,1.080259084701538,0.0,1.439730167388916,1.286407232284546,0.0,1.5689704418182373,0.0,0.0,2.4157893657684326,0.0,0.6840167045593262,0.5796992778778076,1.816543698310852,0.7738693952560425,1.7619404792785645,0.0,1.3284040689468384,0.6682484745979309,0.0,2.0878331661224365,0.36038288474082947,1.316523551940918,0.0,0.6469013094902039,1.1038392782211304,0.0,1.3581478595733643,0.8667373061180115,0.0,0.15294034779071808,0.11501599848270416,0.0,1.6098558902740479,1.5476003885269165,0.3121629059314728,0.0,2.1158246994018555,0.0,2.679380178451538,0.0,1.675744891166687,0.0
C(CF)N.Cl,0.7139177322387695,1.6355774402618408,0.8905805349349976,1.9255788326263428,0.2609902620315552,2.0799460411071777,0.0,1.2637501955032349,1.2653158903121948,0.44498589634895325,1.9413813352584839,0.6808364987373352,0.0,2.7260348796844482,0.0,0.9055007100105286,3.4307219982147217,0.0,1.0635014772415161,1.282534122467041,2.125872850418091,1.1448454856872559,2.325169324874878,0.0,0.0,0.0,0.0,2.3461148738861084,0.7503366470336914,0.4847128391265869,0.0,0.0,0.9026681780815125,0.0,1.4681516885757446,2.0436413288116455,0.0,0.004595153033733368,0.0,0.0,1.9695188999176025,1.1839481592178345,1.0959587097167969,0.0,1.8805793523788452,0.0,1.8379061222076416,0.0,1.611668348312378,0.45217078924179077
C1=CC=C2C=C(C=CC2=C1)CCN.Cl,0.0,0.0,1.3448866605758667,0.0,0.0,4.024697780609131,4.998222351074219,3.69345760345459,0.0,1.2455227375030518,1.9377833604812622,0.4298486113548279,0.0,0.0,1.18435800075531,0.0,3.2047603130340576,0.0,1.424502968788147,0.8539020419120789,0.0,0.0,0.0,4.789680480957031,1.4713314771652222,0.6135464310646057,1.7428120374679565,0.0,0.0,2.340179920196533,0.0,2.0394015312194824,2.7649428844451904,0.0,0.0,1.761338233947754,0.04771886765956879,7.651700019836426,4.096907615661621,0.0,2.6631369590759277,0.0,2.625756025314331,0.0,1.0432868003845215,0.9276883602142334,0.0,0.0,0.0,2.8910837173461914
C[N+](C)(C)CI.[I-],1.3894098997116089,1.8030133247375488,1.2983055114746094,1.073546051979065,1.0037198066711426,3.9489147663116455,0.0,2.414626359939575,1.2513166666030884,0.0,1.722050666809082,1.4676191806793213,0.0,1.3027942180633545,0.0,0.0,2.803678512573242,0.0,0.7179355025291443,0.6010629534721375,1.0053025484085083,0.8649072051048279,2.309915781021118,0.2703593969345093,1.5226616859436035,1.0692896842956543,0.012265553697943687,2.0782675743103027,0.004017559811472893,2.306039810180664,0.0,0.3222815990447998,1.7839140892028809,0.0,0.7674824595451355,0.35098907351493835,0.0,0.14064939320087433,0.3972029983997345,0.0,2.0462446212768555,2.7130849361419678,0.36646920442581177,0.0,3.0565600395202637,0.0,2.136502981185913,0.0,2.7981443405151367,0.0
O,0.0,0.19638797640800476,0.018713947385549545,0.0,0.0,1.6343132257461548,0.7143072485923767,0.6210851669311523,0.0,0.18965724110603333,0.9260943531990051,0.686331570148468,0.0,0.050606608390808105,0.0,0.0,1.3025104999542236,0.0,0.3051334023475647,0.6170013546943665,0.0,0.0,0.0,0.5471224784851074,0.27593153715133667,0.26150065660476685,0.0,0.0,0.0,0.40857359766960144,0.0,0.0,1.097374677658081,0.0,0.0,0.0,0.0,1.3327730894088745,1.0015314817428589,0.0,0.9392606019973755,0.0,0.0,0.0,1.5489845275878906,0.4709392189979553,1.5313327312469482,0.0,0.0,0.35801541805267334
CCCC[N+]1(CCCC1)C.[I-],1.0012675523757935,0.0,1.199005365371704,2.9437477588653564,0.0,2.830778121948242,0.0,1.817251205444336,2.285306215286255,0.667811930179596,1.1148995161056519,1.718455195426941,0.0,2.035510778427124,1.4562593698501587,0.0,2.1626198291778564,0.0,1.3985676765441895,0.4647727310657501,1.8986716270446777,1.2016119956970215,3.3205060958862305,0.8251802325248718,1.5306230783462524,0.9193599820137024,1.580604910850525,1.6445550918579102,0.0,2.640369415283203,0.0,0.7823264598846436,1.250731110572815,0.0,0.6616622805595398,0.817935585975647,0.0,0.35039299726486206,0.0,0.0,1.9455547332763672,0.730728030204773,0.47137540578842163,0.0,3.729074239730835,0.0,1.0465950965881348,0.0,2.3102638721466064,0.0
C(CO)NCCO.I,0.31033584475517273,1.8890042304992676,0.0,1.7487821578979492,1.273911714553833,2.106969118118286,0.0,1.7689379453659058,0.5483294129371643,0.0,1.1746457815170288,1.982187271118164,0.0,2.2409403324127197,0.0,0.0,5.579243183135986,0.0,4.157390594482422,0.0,0.8255075216293335,1.977160930633545,2.214576482772827,0.0,1.6314830780029297,0.5616348385810852,0.0,1.052393913269043,1.8923918008804321,1.3174046277999878,0.0,2.6068835258483887,2.651305913925171,0.0,2.3987574577331543,0.27509593963623047,0.0,0.20011518895626068,0.0,0.0,3.554568290710449,2.6777496337890625,0.2142866849899292,0.0,2.230715274810791,0.0,1.9162688255310059,0.0,3.792487382888794,0.16281461715698242
C(CO)N.I,0.6950345039367676,1.482266902923584,0.6015610098838806,1.6700093746185303,0.11431742459535599,2.644397735595703,0.0,1.1845444440841675,0.7783605456352234,0.49807506799697876,2.182304620742798,0.686359703540802,0.0,2.747546434402466,0.0,1.3050864934921265,3.8741345405578613,0.0,2.2772159576416016,1.2502931356430054,1.9042121171951294,1.6759535074234009,2.106377601623535,0.0,0.5923866033554077,0.0,0.0,2.1432502269744873,0.7530079483985901,0.9075841307640076,0.0,0.0,1.8081485033035278,0.0,1.7778748273849487,1.090946912765503,0.0,0.22253204882144928,0.0,0.0,2.114147424697876,1.9140281677246094,1.6984328031539917,0.0,2.872556209564209,0.0,1.9964373111724854,0.0,2.070004463195801,0.16785210371017456
[NH3+]CC1=SC=CC1.[I-],0.0,0.0,0.8037818074226379,3.7397255897521973,0.0,1.8304649591445923,0.0,2.7944140434265137,1.628450870513916,1.188532829284668,2.346714735031128,1.4966791868209839,0.0,2.2721896171569824,2.784121513366699,0.0,1.339963674545288,0.0,0.33868396282196045,0.4794384837150574,3.179194927215576,1.5271461009979248,3.2464683055877686,1.8284085988998413,1.9053709506988525,0.7946567535400391,1.8798214197158813,1.2107138633728027,0.0,0.6704633235931396,0.0,0.9134999513626099,1.8118277788162231,0.0,0.2752517759799957,1.0658625364303589,0.40396732091903687,0.8390475511550903,0.0,0.0,1.5164340734481812,0.27998557686805725,2.6053638458251953,0.0,2.4969422817230225,0.0,0.579683780670166,0.0,0.6832645535469055,0.9376702308654785
C1=CC(=CC=C1CC[NH3+])O.[I-],0.0,0.0,0.6906092166900635,0.0,0.0,3.6306214332580566,2.392749309539795,2.727907657623291,0.0,1.0802850723266602,1.3069994449615479,0.40111589431762695,0.0,0.0,0.5727689266204834,0.0,2.9674079418182373,0.0,1.3299241065979004,0.0,0.0,0.0,0.0,3.1053993701934814,1.0722136497497559,1.090196967124939,0.7788547873497009,0.0,0.0,1.6160855293273926,0.0,2.0752413272857666,2.269594430923462,0.0,0.0,0.8920860290527344,0.04950277507305145,4.767324447631836,2.6494908332824707,0.0,2.1860544681549072,0.5785371661186218,1.870388388633728,0.0,1.2335282564163208,0.0,0.0,0.0,0.0,1.4272189140319824
C1=CC(=CC=C1[NH3+])Cl.[I-],0.0,0.0,1.1208373308181763,0.0,0.0,3.710613250732422,2.7412846088409424,3.1417806148529053,0.0,0.2976185083389282,1.112320899963379,0.0,0.0,0.0,1.2207465171813965,0.0,2.3398330211639404,0.0,0.4295971393585205,0.758076012134552,0.0,0.0,0.0,3.6761255264282227,1.1627155542373657,1.083031415939331,0.8513120412826538,0.0,0.0,1.0956461429595947,0.0,1.5081316232681274,2.5089921951293945,0.0,0.0,1.0647411346435547,0.05345376580953598,5.71226692199707,3.2736682891845703,0.0,1.9097998142242432,0.29395392537117004,2.0027177333831787,0.0,0.2539115846157074,0.8357945084571838,0.0,0.0,0.0,1.800369381904602
[NH3+]CCc1ccc(Cl)cc1.[I-],0.0,0.0,1.0499744415283203,0.0,0.0,3.5384950637817383,1.5178431272506714,2.8561456203460693,0.0,0.30489349365234375,1.1070829629898071,0.20959866046905518,0.0,0.0,1.4251137971878052,0.0,2.496635675430298,0.0,0.503063440322876,0.7864875197410583,0.0,0.0,0.0,3.2097795009613037,0.995311975479126,1.1639158725738525,0.7779489755630493,0.0,0.0,1.5353654623031616,0.0,1.4168119430541992,2.108802318572998,0.0,0.0,0.884909451007843,0.004609353840351105,4.445212364196777,2.446881055831909,0.0,1.9372875690460205,0.29623502492904663,1.7056607007980347,0.0,0.9114334583282471,0.23633341491222382,0.0,0.0,0.0,1.207468032836914
CCC[NH2+]CCC.[I-],1.1323230266571045,2.2588307857513428,0.16577363014221191,1.5321180820465088,1.405350923538208,2.8128817081451416,0.0,2.529031753540039,1.781827688217163,0.0,2.0015151500701904,1.0404250621795654,0.0,1.041226863861084,0.0,0.0,2.740795373916626,0.0,1.2518093585968018,0.5541223883628845,0.9967795610427856,0.32734015583992004,2.497959852218628,0.2649589478969574,0.5793172717094421,0.9635300636291504,0.0,1.7729079723358154,0.24355828762054443,2.373030424118042,0.0,0.9698930978775024,1.162685751914978,0.0,0.47508227825164795,0.0,0.0,0.0,0.41429606080055237,0.0,2.315696954727173,0.7194579243659973,0.0,0.0,3.1543893814086914,0.0,1.969698190689087,0.0,2.96193790435791,0.0
C1=CC=C(C=C1)[NH2+]C2=CC=CC=C2.[I-],0.0,0.0,1.0387310981750488,0.0,0.0,3.603393316268921,5.30828332901001,3.873041868209839,0.0,0.9975297451019287,1.3791468143463135,0.2872861623764038,0.0,0.0,1.9593734741210938,0.0,2.2599239349365234,0.0,0.8239427804946899,0.6817102432250977,0.0,0.0,0.0,5.0828938484191895,1.5974987745285034,1.2071529626846313,1.6299951076507568,0.0,0.0,1.7723729610443115,0.0,1.567516565322876,3.386565685272217,0.0,0.0,1.4933184385299683,0.36947599053382874,7.562286853790283,4.3930583000183105,0.0,2.2781901359558105,0.0,2.5212676525115967,0.0,0.4056605100631714,1.590949535369873,0.0,0.0,0.0,2.7569873332977295
[NH3+]CC(C[NH3+])(C)C.[I-].[I-],0.7946180105209351,1.2795741558074951,1.0826199054718018,1.1679011583328247,0.4435643255710602,3.010810375213623,0.0,1.8871561288833618,0.8643483519554138,0.0,1.6329861879348755,1.1058270931243896,0.0,1.2506800889968872,0.0,0.0,2.511737823486328,0.0,0.6832314729690552,0.5632393956184387,0.5126655101776123,0.6689032316207886,1.8694696426391602,0.3391454219818115,1.4274195432662964,0.8047429919242859,0.2823983132839203,1.6128613948822021,0.0,2.039823055267334,0.0,0.36854198575019836,1.2148020267486572,0.0,0.4278961420059204,0.42015790939331055,0.0,0.39298108220100403,0.3549354076385498,0.0,1.7372790575027466,2.1951658725738525,0.3933436870574951,0.0,2.489734172821045,0.0,1.6792457103729248,0.0,2.338176727294922,0.0
COCC[NH3+].[I-],0.5874385237693787,1.9791951179504395,0.46009141206741333,1.1498490571975708,0.6552671194076538,2.6590332984924316,0.0,1.740996241569519,1.222658634185791,0.0,1.562709093093872,1.1242130994796753,0.0,1.2732694149017334,0.0,0.0,2.3545894622802734,0.0,0.7650253176689148,0.2861654460430145,1.1364797353744507,0.6369946599006653,1.9940266609191895,0.026570215821266174,0.42343994975090027,0.8200271129608154,0.0,1.7046880722045898,0.2845187783241272,1.2192009687423706,0.0,0.7817367911338806,0.7064022421836853,0.0,0.6965276002883911,0.5735610127449036,0.0,0.0,0.25513318181037903,0.0,1.8662893772125244,0.8899707198143005,0.1337917149066925,0.0,2.393523693084717,0.0,2.1793930530548096,0.0,2.0395069122314453,0.0
CCCC[N+]1(CCCC1)C.[Br-],1.0614421367645264,0.0,1.2214640378952026,3.022829294204712,0.0,2.7588906288146973,0.0,1.8257229328155518,2.4034583568573,0.6985082030296326,1.1602392196655273,1.662959098815918,0.0,2.0179667472839355,1.4635465145111084,0.0,2.1408779621124268,0.0,1.4467893838882446,0.471600741147995,2.0059447288513184,1.1552191972732544,3.3690185546875,0.7289557456970215,1.4952770471572876,0.8963658213615417,1.5598034858703613,1.7429187297821045,0.0,2.518134832382202,0.0,0.8523219227790833,1.1218205690383911,0.0,0.6994642615318298,0.886155366897583,0.0,0.312634140253067,0.0,0.0,1.9104223251342773,0.5886679887771606,0.47160372138023376,0.0,3.7606141567230225,0.0,1.0414371490478516,0.0,2.2580995559692383,0.0
CCCC[N+]1(CCCCC1)C.[Br-],0.47475042939186096,0.0,1.2197597026824951,2.8933603763580322,0.0,2.896144390106201,0.0,1.734084963798523,2.335341215133667,0.8255243897438049,1.2625477313995361,1.7154686450958252,0.0,1.920404076576233,1.5492959022521973,0.0,2.1870322227478027,0.0,1.4334522485733032,0.595340371131897,1.7658292055130005,1.0066156387329102,3.22518253326416,0.9018454551696777,1.446316123008728,0.8202207684516907,1.5681699514389038,1.5301620960235596,0.0,2.5384368896484375,0.0,0.8420502543449402,1.2620688676834106,0.0,0.3370751738548279,0.9445005655288696,0.0,0.5858017802238464,0.0,0.0,1.809108853340149,0.38531461358070374,0.5105863213539124,0.0,3.834430456161499,0.0,0.9538885354995728,0.0,2.069331645965576,0.038619764149188995
CCCC[N+]1(CCCCC1)C.[I-],0.41959068179130554,0.0,1.1991722583770752,2.8208696842193604,0.0,2.962040662765503,0.0,1.7263201475143433,2.2270355224609375,0.797386109828949,1.220986247062683,1.766339898109436,0.0,1.9364864826202393,1.5426160097122192,0.0,2.2069621086120605,0.0,1.3892487287521362,0.5890814065933228,1.6674960851669312,1.0491421222686768,3.1807124614715576,0.99005126953125,1.478716492652893,0.841298520565033,1.58723783493042,1.4399957656860352,0.0,2.6504852771759033,0.0,0.7778876423835754,1.3802366256713867,0.0,0.30242329835891724,0.8819658160209656,0.0,0.620414137840271,0.0,0.0,1.8413130044937134,0.5155364871025085,0.5103772878646851,0.0,3.8055195808410645,0.0,0.9586167335510254,0.0,2.1171483993530273,0.02885652333498001
C1=CSC(=C1)CC[NH3+].[I-],0.0,0.0,0.636651873588562,0.0,0.0,3.6603682041168213,2.366769552230835,2.947728395462036,0.0,0.6883073449134827,1.0840263366699219,0.23202404379844666,0.0,0.0,0.0,0.0,2.8520009517669678,0.0,0.8853522539138794,0.7434148192405701,0.0,0.0,0.0,2.6509921550750732,0.6119598150253296,0.8300378918647766,0.8171228766441345,0.0,0.0,1.995945692062378,0.0,1.6530672311782837,2.1793618202209473,0.0,0.0,1.2687718868255615,0.0,4.42933464050293,3.2973718643188477,0.0,1.9257076978683472,0.6041804552078247,1.5815232992172241,0.0,1.5411897897720337,0.24374157190322876,0.0,0.0,0.0,1.5578144788742065
CC[P+](C1=CC=CC=C1)(C2=CC=CC=C2)C3=CC=CC=C3.[I-],0.0,0.0,2.0498671531677246,0.0,0.0,3.8888726234436035,5.235804557800293,3.617628335952759,0.0,1.1252520084381104,0.42913854122161865,0.4250810742378235,0.0,0.0,1.9920252561569214,0.0,2.258840799331665,0.0,0.7653902173042297,0.6559212803840637,0.0,0.0,0.0,4.952749729156494,2.0752220153808594,1.5023283958435059,2.9317710399627686,0.0,0.0,3.0918400287628174,0.0,0.9468153119087219,3.478593111038208,0.0,0.0,2.1050987243652344,0.48085880279541016,6.523911952972412,4.197355270385742,0.0,1.8832250833511353,0.0,2.7581863403320312,0.0,0.8765617609024048,1.7519023418426514,0.0,0.0,0.0,2.4401490688323975
C[P+](C1=CC=CC=C1)(C2=CC=CC=C2)C3=CC=CC=C3.I,0.0,0.0,1.9419902563095093,0.0,0.0,4.0789594650268555,5.6713151931762695,3.673933506011963,0.0,1.3331503868103027,0.7360827326774597,0.5299676656723022,0.0,0.0,1.9292538166046143,0.0,2.3636648654937744,0.0,0.7940012812614441,0.5943450927734375,0.0,0.0,0.0,5.388050079345703,2.0806643962860107,1.441381812095642,2.80664324760437,0.0,0.0,2.7225708961486816,0.0,1.1944589614868164,3.587378978729248,0.0,0.0,1.9264627695083618,0.3895701467990875,7.381261348724365,4.391663074493408,0.0,2.0068540573120117,0.0,2.8483548164367676,0.0,0.6427010893821716,1.7828305959701538,0.0,0.0,0.0,2.56538987159729
C1CC[NH2+]CC1.[Br-],0.0,0.0,1.3627532720565796,0.9018748998641968,0.0,2.4040286540985107,0.0,1.6097832918167114,1.5218521356582642,1.6288011074066162,1.636999249458313,2.23724365234375,0.0,2.874091386795044,1.9701519012451172,0.0,2.129974126815796,0.0,1.9674510955810547,0.9660241603851318,2.3040575981140137,0.28113269805908203,1.8618404865264893,1.2166908979415894,1.4148842096328735,0.8460625410079956,1.3940829038619995,0.6335293650627136,0.0,1.8069430589675903,0.0,0.22183458507061005,1.7130827903747559,0.0,0.0,1.4648200273513794,0.0,2.0970351696014404,0.0,0.0,1.6232157945632935,0.21530412137508392,1.1795333623886108,0.0,2.9667913913726807,0.0,0.9945765733718872,0.0,0.0011777393519878387,0.7520335912704468
